"Player 0: x=15.73, y=0, z=8.6, a=0.00 Player 1: x=5.8, y=0, z=8.6, a=0.00 Order:#1: Sushi_Fish #2: Sushi_Fish "
"Player 0: x=15.73, y=0, z=8.6, a=0.00 Player 1: x=5.8, y=0, z=8.6, a=0.00 Order:#1: Sushi_Fish #2: Sushi_Fish "
"Player 0: x=15.73, y=0, z=8.6, a=0.00 Player 1: x=5.8, y=0, z=8.6, a=0.00 Order:#1: Sushi_Fish #2: Sushi_Fish "
"Player 0: x=15.73, y=0, z=8.6, a=0.00 Player 1: x=5.8, y=0, z=8.6, a=0.00 Order:#1: Sushi_Fish #2: Sushi_Fish "
"Player 0: x=15.73, y=0, z=8.6, a=0.00 Player 1: x=5.8, y=0, z=8.6, a=0.00 Order:#1: Sushi_Fish #2: Sushi_Fish "
"Player 0: x=15.73, y=0, z=8.6, a=0.00 Player 1: x=5.8, y=0, z=8.6, a=0.00 Order:#1: Sushi_Fish #2: Sushi_Fish "
"Player 0: x=15.73, y=0, z=8.6, a=0.00 Player 1: x=5.8, y=0, z=8.6, a=0.00 Order:#1: Sushi_Fish #2: Sushi_Fish "
"Player 0: x=15.73, y=0, z=8.6, a=0.00 Player 1: x=5.8, y=0, z=8.6, a=0.00 Order:#1: Sushi_Fish #2: Sushi_Fish "
"Player 0: x=15.73, y=0, z=8.6, a=0.00 Player 1: x=5.8, y=0, z=8.6, a=0.00 Order:#1: Sushi_Fish #2: Sushi_Fish "
"Player 0: x=15.73, y=0, z=8.6, a=0.00 Player 1: x=5.8, y=0, z=8.6, a=0.00 Order:#1: Sushi_Fish #2: Sushi_Fish "
"Player 0: x=15.73, y=0, z=8.6, a=0.00 Player 1: x=5.8, y=0, z=8.6, a=0.00 Order:#1: Sushi_Fish #2: Sushi_Fish "
"Player 0: x=15.73, y=0, z=8.6, a=0.00 Player 1: x=5.8, y=0, z=8.6, a=0.00 Order:#1: Sushi_Fish #2: Sushi_Fish "
"Player 0: x=15.73, y=0, z=8.6, a=0.00 Player 1: x=5.8, y=0, z=8.6, a=0.00 Order:#1: Sushi_Fish #2: Sushi_Fish "
"Player 0: x=15.73, y=0, z=8.6, a=0.00 Player 1: x=5.8, y=0, z=8.6, a=0.00 Order:#1: Sushi_Fish #2: Sushi_Fish "
"Player 0: x=15.73, y=0, z=8.6, a=0.00 Player 1: x=5.8, y=0, z=8.6, a=0.00 Order:#1: Sushi_Fish #2: Sushi_Fish "
"Player 0: x=15.73, y=0, z=8.6, a=0.00 Player 1: x=5.8, y=0, z=8.6, a=0.00 Order:#1: Sushi_Fish #2: Sushi_Fish "
"Player 0: x=15.73, y=0, z=8.6, a=0.00 Player 1: x=5.8, y=0, z=8.6, a=0.00 Order:#1: Sushi_Fish #2: Sushi_Fish "
"Player 0: x=15.73, y=0, z=8.6, a=0.00 Player 1: x=5.8, y=0, z=8.6, a=0.00 Order:#1: Sushi_Fish #2: Sushi_Fish "
"Player 0: x=15.73, y=0, z=8.6, a=0.00 Player 1: x=5.8, y=0, z=8.6, a=0.00 Order:#1: Sushi_Fish #2: Sushi_Fish "
"Player 0: x=15.73, y=0, z=8.6, a=0.00 Player 1: x=5.8, y=0, z=8.6, a=0.00 Order:#1: Sushi_Fish #2: Sushi_Fish "
"Player 0: x=15.73, y=0, z=8.6, a=0.00 Player 1: x=5.8, y=0, z=8.6, a=0.00 Order:#1: Sushi_Fish #2: Sushi_Fish "
"Player 0: x=15.73, y=0, z=8.6, a=0.00 Player 1: x=5.8, y=0, z=8.6, a=0.00 Order:#1: Sushi_Fish #2: Sushi_Fish "
"Player 0: x=15.73, y=0, z=8.6, a=0.00 Player 1: x=5.8, y=0, z=8.6, a=0.00 Order:#1: Sushi_Fish #2: Sushi_Fish "
"Player 0: x=15.73, y=0, z=8.6, a=0.00 Player 1: x=5.8, y=0, z=8.6, a=0.00 Order:#1: Sushi_Fish #2: Sushi_Fish "
"Player 0: x=15.73, y=0, z=8.6, a=0.00 Player 1: x=5.8, y=0, z=8.6, a=0.00 Order:#1: Sushi_Fish #2: Sushi_Fish "
"Player 0: x=15.73, y=0, z=8.6, a=0.00 Player 1: x=5.8, y=0, z=8.6, a=0.00 Order:#1: Sushi_Fish #2: Sushi_Fish "
"Player 0: x=15.73, y=0, z=8.6, a=0.00 Player 1: x=5.8, y=0, z=8.6, a=0.00 Order:#1: Sushi_Fish #2: Sushi_Fish "
"Player 0: x=15.73, y=0, z=8.6, a=0.00 Player 1: x=5.8, y=0, z=8.6, a=0.00 Order:#1: Sushi_Fish #2: Sushi_Fish "
"Player 0: x=15.73, y=0, z=8.6, a=0.00 Player 1: x=5.8, y=0, z=8.6, a=0.00 Order:#1: Sushi_Fish #2: Sushi_Fish "
"Player 0: x=15.73, y=0, z=8.6, a=0.00 Player 1: x=5.8, y=0, z=8.6, a=0.00 Order:#1: Sushi_Fish #2: Sushi_Fish "
"Player 0: x=15.73, y=0, z=8.6, a=0.00 Player 1: x=5.8, y=0, z=8.6, a=0.00 Order:#1: Sushi_Fish #2: Sushi_Fish "
"Player 0: x=15.73, y=0, z=8.6, a=0.00 Player 1: x=5.8, y=0, z=8.6, a=0.00 Order:#1: Sushi_Fish #2: Sushi_Fish "
"Player 0: x=15.73, y=0, z=8.6, a=0.00 Player 1: x=5.8, y=0, z=8.6, a=0.00 Order:#1: Sushi_Fish #2: Sushi_Fish "
"Player 0: x=15.73, y=0, z=8.6, a=0.00 Player 1: x=5.8, y=0, z=8.6, a=0.00 Order:#1: Sushi_Fish #2: Sushi_Fish "
"Player 0: x=15.73, y=0, z=8.6, a=0.00 Player 1: x=5.8, y=0, z=8.6, a=0.00 Order:#1: Sushi_Fish #2: Sushi_Fish "
"Player 0: x=15.73, y=0, z=8.6, a=0.00 Player 1: x=5.8, y=0, z=8.6, a=0.00 Order:#1: Sushi_Fish #2: Sushi_Fish "
"Player 0: x=15.73, y=0, z=8.6, a=0.00 Player 1: x=5.8, y=0, z=8.6, a=0.00 Order:#1: Sushi_Fish #2: Sushi_Fish "
"Player 0: x=15.97, y=0, z=8.6, a=76.39 Player 1: x=5.8, y=0, z=8.6, a=0.00 Order:#1: Sushi_Fish #2: Sushi_Fish "
"Player 0: x=16.33, y=0, z=8.6, a=90.00 Player 1: x=5.8, y=0, z=8.6, a=0.00 Order:#1: Sushi_Fish #2: Sushi_Fish "
"Player 0: x=16.33, y=0, z=8.6, a=90.00 Player 1: x=5.8, y=0, z=8.6, a=0.00 Order:#1: Sushi_Fish #2: Sushi_Fish "
"Player 0: x=16.33, y=0, z=8.6, a=90.00 Player 1: x=5.8, y=0, z=8.6, a=0.00 Order:#1: Sushi_Fish #2: Sushi_Fish "
"Player 0: x=16.33, y=0, z=8.6, a=90.00 Player 1: x=5.8, y=0, z=8.6, a=0.00 Order:#1: Sushi_Fish #2: Sushi_Fish "
"Player 0: x=16.33, y=0, z=8.6, a=109.10 Player 1: x=5.8, y=0, z=8.6, a=0.00 Order:#1: Sushi_Fish #2: Sushi_Fish "
"Player 0: x=16.09, y=0, z=8.6, a=185.49 Player 1: x=5.8, y=0, z=8.6, a=0.00 Order:#1: Sushi_Fish #2: Sushi_Fish "
"Player 0: x=15.73, y=0, z=8.6, a=204.59 Player 1: x=5.8, y=0, z=8.6, a=0.00 Order:#1: Sushi_Fish #2: Sushi_Fish "
"Player 0: x=15.73, y=0, z=8.6, a=204.59 Player 1: x=5.8, y=0, z=8.6, a=0.00 Order:#1: Sushi_Fish #2: Sushi_Fish "
"Player 0: x=15.73, y=0, z=8.6, a=204.59 Player 1: x=5.8, y=0, z=8.6, a=0.00 Order:#1: Sushi_Fish #2: Sushi_Fish "
"Player 0: x=15.73, y=0, z=8.6, a=204.59 Player 1: x=5.8, y=0, z=8.6, a=0.00 Order:#1: Sushi_Fish #2: Sushi_Fish "
"Player 0: x=15.73, y=0, z=8.6, a=204.59 Player 1: x=5.8, y=0, z=8.6, a=0.00 Order:#1: Sushi_Fish #2: Sushi_Fish "
"Player 0: x=15.73, y=0, z=8.6, a=204.59 Player 1: x=5.8, y=0, z=8.6, a=0.00 Order:#1: Sushi_Fish #2: Sushi_Fish "
"Player 0: x=15.73, y=0, z=8.6, a=204.59 Player 1: x=5.8, y=0, z=8.6, a=0.00 Order:#1: Sushi_Fish #2: Sushi_Fish "
"Player 0: x=15.73, y=0, z=8.6, a=204.59 Player 1: x=5.8, y=0, z=8.6, a=0.00 Order:#1: Sushi_Fish #2: Sushi_Fish "
"Player 0: x=15.73, y=0, z=8.6, a=204.59 Player 1: x=5.8, y=0, z=8.6, a=0.00 Order:#1: Sushi_Fish #2: Sushi_Fish "
"Player 0: x=15.73, y=0, z=8.6, a=204.59 Player 1: x=5.8, y=0, z=8.6, a=0.00 Order:#1: Sushi_Fish #2: Sushi_Fish "
"Player 0: x=15.73, y=0, z=8.6, a=204.59 Player 1: x=5.8, y=0, z=8.6, a=0.00 Order:#1: Sushi_Fish #2: Sushi_Fish "
"Player 0: x=15.73, y=0, z=8.6, a=204.59 Player 1: x=5.8, y=0, z=8.6, a=0.00 Order:#1: Sushi_Fish #2: Sushi_Fish "
"Player 0: x=15.73, y=0, z=8.6, a=204.59 Player 1: x=5.8, y=0, z=8.6, a=0.00 Order:#1: Sushi_Fish #2: Sushi_Fish "
"Player 0: x=15.73, y=0, z=8.6, a=204.59 Player 1: x=5.8, y=0, z=8.6, a=0.00 Order:#1: Sushi_Fish #2: Sushi_Fish "
"Player 0: x=15.73, y=0, z=8.6, a=204.59 Player 1: x=5.8, y=0, z=8.6, a=0.00 Order:#1: Sushi_Fish #2: Sushi_Fish "
"Player 0: x=15.73, y=0, z=8.6, a=204.59 Player 1: x=5.8, y=0, z=8.6, a=0.00 Order:#1: Sushi_Fish #2: Sushi_Fish "
"Player 0: x=15.73, y=0, z=8.6, a=204.59 Player 1: x=5.8, y=0, z=8.6, a=0.00 Order:#1: Sushi_Fish #2: Sushi_Fish "
"Player 0: x=15.73, y=0, z=8.6, a=204.59 Player 1: x=5.8, y=0, z=8.6, a=0.00 Order:#1: Sushi_Fish #2: Sushi_Fish "
"Player 0: x=15.73, y=0, z=8.6, a=204.59 Player 1: x=5.8, y=0, z=8.6, a=0.00 Order:#1: Sushi_Fish #2: Sushi_Fish "
"Player 0: x=15.73, y=0, z=8.6, a=204.59 Player 1: x=5.8, y=0, z=8.6, a=0.00 Order:#1: Sushi_Fish #2: Sushi_Fish "
"Player 0: x=15.73, y=0, z=8.6, a=204.59 Player 1: x=5.8, y=0, z=8.6, a=0.00 Order:#1: Sushi_Fish #2: Sushi_Fish "
"Player 0: x=15.73, y=0, z=8.6, a=204.59 Player 1: x=5.8, y=0, z=8.6, a=0.00 Order:#1: Sushi_Fish #2: Sushi_Fish "
"Player 0: x=15.73, y=0, z=8.6, a=204.59 Player 1: x=5.8, y=0, z=8.6, a=0.00 Order:#1: Sushi_Fish #2: Sushi_Fish "
"Player 0: x=15.73, y=0, z=8.6, a=204.59 Player 1: x=5.8, y=0, z=8.6, a=0.00 Order:#1: Sushi_Fish #2: Sushi_Fish "
"Player 0: x=15.73, y=0, z=8.6, a=204.59 Player 1: x=5.8, y=0, z=8.6, a=0.00 Order:#1: Sushi_Fish #2: Sushi_Fish "
"Player 0: x=15.73, y=0, z=8.6, a=204.59 Player 1: x=5.8, y=0, z=8.6, a=0.00 Order:#1: Sushi_Fish #2: Sushi_Fish "
"Player 0: x=15.73, y=0, z=8.6, a=204.59 Player 1: x=5.8, y=0, z=8.6, a=0.00 Order:#1: Sushi_Fish #2: Sushi_Fish "
"Player 0: x=15.73, y=0, z=8.6, a=204.59 Player 1: x=5.8, y=0, z=8.6, a=0.00 Order:#1: Sushi_Fish #2: Sushi_Fish "
"Player 0: x=15.73, y=0, z=8.6, a=204.59 Player 1: x=5.8, y=0, z=8.6, a=0.00 Order:#1: Sushi_Fish #2: Sushi_Fish "
"Player 0: x=15.73, y=0, z=8.6, a=204.59 Player 1: x=5.8, y=0, z=8.6, a=0.00 Order:#1: Sushi_Fish #2: Sushi_Fish "
"Player 0: x=15.73, y=0, z=8.6, a=204.59 Player 1: x=5.8, y=0, z=8.6, a=0.00 Order:#1: Sushi_Fish #2: Sushi_Fish "
"Player 0: x=15.73, y=0, z=8.6, a=204.59 Player 1: x=5.8, y=0, z=8.6, a=0.00 Order:#1: Sushi_Fish #2: Sushi_Fish "
"Player 0: x=15.73, y=0, z=8.6, a=204.59 Player 1: x=5.8, y=0, z=8.6, a=0.00 Order:#1: Sushi_Fish #2: Sushi_Fish "
"Player 0: x=15.73, y=0, z=8.6, a=204.59 Player 1: x=5.8, y=0, z=8.6, a=0.00 Order:#1: Sushi_Fish #2: Sushi_Fish "
"Player 0: x=15.73, y=0, z=8.6, a=204.59 Player 1: x=5.8, y=0, z=8.6, a=0.00 Order:#1: Sushi_Fish #2: Sushi_Fish "
"Player 0: x=15.73, y=0, z=8.6, a=204.59 Player 1: x=5.8, y=0, z=8.6, a=0.00 Order:#1: Sushi_Fish #2: Sushi_Fish "
"Player 0: x=15.73, y=0, z=8.6, a=204.59 Player 1: x=5.8, y=0, z=8.6, a=0.00 Order:#1: Sushi_Fish #2: Sushi_Fish "
"Player 0: x=15.73, y=0, z=8.6, a=204.59 Player 1: x=5.8, y=0, z=8.6, a=0.00 Order:#1: Sushi_Fish #2: Sushi_Fish "
"Player 0: x=15.73, y=0, z=8.6, a=204.59 Player 1: x=5.8, y=0, z=8.6, a=0.00 Order:#1: Sushi_Fish #2: Sushi_Fish "
"Player 0: x=15.73, y=0, z=8.6, a=204.59 Player 1: x=5.8, y=0, z=8.6, a=0.00 Order:#1: Sushi_Fish #2: Sushi_Fish "
"Player 0: x=15.73, y=0, z=8.6, a=204.59 Player 1: x=5.8, y=0, z=8.6, a=0.00 Order:#1: Sushi_Fish #2: Sushi_Fish "
"Player 0: x=15.73, y=0, z=8.6, a=204.59 Player 1: x=5.8, y=0, z=8.6, a=0.00 Order:#1: Sushi_Fish #2: Sushi_Fish "
"Player 0: x=15.73, y=0, z=8.6, a=204.59 Player 1: x=5.8, y=0, z=8.6, a=0.00 Order:#1: Sushi_Fish #2: Sushi_Fish "
"Player 0: x=15.73, y=0, z=8.6, a=204.59 Player 1: x=5.8, y=0, z=8.6, a=0.00 Order:#1: Sushi_Fish #2: Sushi_Fish "
"Player 0: x=15.73, y=0, z=8.6, a=204.59 Player 1: x=5.8, y=0, z=8.6, a=0.00 Order:#1: Sushi_Fish #2: Sushi_Fish "
"Player 0: x=15.73, y=0, z=8.6, a=204.59 Player 1: x=5.8, y=0, z=8.6, a=0.00 Order:#1: Sushi_Fish #2: Sushi_Fish "
"Player 0: x=15.73, y=0, z=8.6, a=204.59 Player 1: x=5.8, y=0, z=8.6, a=0.00 Order:#1: Sushi_Fish #2: Sushi_Fish "
"Player 0: x=15.73, y=0, z=8.6, a=204.59 Player 1: x=5.8, y=0, z=8.6, a=0.00 Order:#1: Sushi_Fish #2: Sushi_Fish "
"Player 0: x=15.73, y=0, z=8.6, a=204.59 Player 1: x=5.8, y=0, z=8.6, a=0.00 Order:#1: Sushi_Fish #2: Sushi_Fish "
"Player 0: x=15.73, y=0, z=8.6, a=204.59 Player 1: x=5.8, y=0, z=8.6, a=0.00 Order:#1: Sushi_Fish #2: Sushi_Fish "
"Player 0: x=15.73, y=0, z=8.6, a=204.59 Player 1: x=5.8, y=0, z=8.6, a=0.00 Order:#1: Sushi_Fish #2: Sushi_Fish "
"Player 0: x=15.73, y=0, z=8.6, a=204.59 Player 1: x=5.8, y=0, z=8.6, a=0.00 Order:#1: Sushi_Fish #2: Sushi_Fish "
"Player 0: x=15.73, y=0, z=8.6, a=204.59 Player 1: x=5.8, y=0, z=8.6, a=0.00 Order:#1: Sushi_Fish #2: Sushi_Fish "
"Player 0: x=15.73, y=0, z=8.6, a=204.59 Player 1: x=5.8, y=0, z=8.6, a=0.00 Order:#1: Sushi_Fish #2: Sushi_Fish "
"Player 0: x=15.73, y=0, z=8.6, a=204.59 Player 1: x=5.8, y=0, z=8.6, a=0.00 Order:#1: Sushi_Fish #2: Sushi_Fish "
"Player 0: x=15.73, y=0, z=8.6, a=204.59 Player 1: x=5.8, y=0, z=8.6, a=0.00 Order:#1: Sushi_Fish #2: Sushi_Fish "
"Player 0: x=15.73, y=0, z=8.6, a=204.59 Player 1: x=5.8, y=0, z=8.6, a=0.00 Order:#1: Sushi_Fish #2: Sushi_Fish "
"Player 0: x=15.73, y=0, z=8.6, a=204.59 Player 1: x=5.8, y=0, z=8.6, a=0.00 Order:#1: Sushi_Fish #2: Sushi_Fish "
"Player 0: x=15.73, y=0, z=8.6, a=204.59 Player 1: x=5.8, y=0, z=8.6, a=0.00 Order:#1: Sushi_Fish #2: Sushi_Fish "
"Player 0: x=15.73, y=0, z=8.6, a=204.59 Player 1: x=5.8, y=0, z=8.6, a=0.00 Order:#1: Sushi_Fish #2: Sushi_Fish "
"Player 0: x=15.73, y=0, z=8.6, a=204.59 Player 1: x=5.8, y=0, z=8.6, a=0.00 Order:#1: Sushi_Fish #2: Sushi_Fish "
"Player 0: x=15.73, y=0, z=8.6, a=204.59 Player 1: x=5.8, y=0, z=8.6, a=0.00 Order:#1: Sushi_Fish #2: Sushi_Fish "
"Player 0: x=15.73, y=0, z=8.6, a=204.59 Player 1: x=5.8, y=0, z=8.6, a=0.00 Order:#1: Sushi_Fish #2: Sushi_Fish "
"Player 0: x=15.73, y=0, z=8.6, a=204.59 Player 1: x=5.8, y=0, z=8.6, a=0.00 Order:#1: Sushi_Fish #2: Sushi_Fish "
"Player 0: x=15.73, y=0, z=8.6, a=204.59 Player 1: x=5.8, y=0, z=8.6, a=0.00 Order:#1: Sushi_Fish #2: Sushi_Fish "
"Player 0: x=15.73, y=0, z=8.6, a=204.59 Player 1: x=5.8, y=0, z=8.6, a=0.00 Order:#1: Sushi_Fish #2: Sushi_Fish "
"Player 0: x=15.73, y=0, z=8.6, a=204.59 Player 1: x=5.8, y=0, z=8.6, a=0.00 Order:#1: Sushi_Fish #2: Sushi_Fish "
"Player 0: x=15.73, y=0, z=8.6, a=204.59 Player 1: x=5.8, y=0, z=8.6, a=0.00 Order:#1: Sushi_Fish #2: Sushi_Fish "
"Player 0: x=15.73, y=0, z=8.6, a=204.59 Player 1: x=5.8, y=0, z=8.6, a=0.00 Order:#1: Sushi_Fish #2: Sushi_Fish "
"Player 0: x=15.73, y=0, z=8.6, a=204.59 Player 1: x=5.8, y=0, z=8.6, a=0.00 Order:#1: Sushi_Fish #2: Sushi_Fish "
"Player 0: x=15.73, y=0, z=8.6, a=204.59 Player 1: x=5.8, y=0, z=8.6, a=0.00 Order:#1: Sushi_Fish #2: Sushi_Fish "
"Player 0: x=15.73, y=0, z=8.6, a=204.59 Player 1: x=5.8, y=0, z=8.6, a=0.00 Order:#1: Sushi_Fish #2: Sushi_Fish "
"Player 0: x=15.73, y=0, z=8.6, a=204.59 Player 1: x=5.8, y=0, z=8.6, a=0.00 Order:#1: Sushi_Fish #2: Sushi_Fish "
"Player 0: x=15.73, y=0, z=8.6, a=204.59 Player 1: x=5.8, y=0, z=8.6, a=0.00 Order:#1: Sushi_Fish #2: Sushi_Fish "
"Player 0: x=15.73, y=0, z=8.6, a=204.59 Player 1: x=5.8, y=0, z=8.6, a=0.00 Order:#1: Sushi_Fish #2: Sushi_Fish "
"Player 0: x=15.73, y=0, z=8.6, a=204.59 Player 1: x=5.8, y=0, z=8.6, a=0.00 Order:#1: Sushi_Fish #2: Sushi_Fish "
"Player 0: x=15.73, y=0, z=8.6, a=204.59 Player 1: x=5.8, y=0, z=8.6, a=0.00 Order:#1: Sushi_Fish #2: Sushi_Fish "
"Player 0: x=15.73, y=0, z=8.6, a=204.59 Player 1: x=5.8, y=0, z=8.6, a=0.00 Order:#1: Sushi_Fish #2: Sushi_Fish "
"Player 0: x=15.73, y=0, z=8.6, a=204.59 Player 1: x=5.8, y=0, z=8.6, a=0.00 Order:#1: Sushi_Fish #2: Sushi_Fish "
"Player 0: x=15.73, y=0, z=8.6, a=204.59 Player 1: x=5.8, y=0, z=8.6, a=0.00 Order:#1: Sushi_Fish #2: Sushi_Fish "
"Player 0: x=15.73, y=0, z=8.6, a=204.59 Player 1: x=5.8, y=0, z=8.6, a=0.00 Order:#1: Sushi_Fish #2: Sushi_Fish "
"Player 0: x=15.73, y=0, z=8.6, a=204.59 Player 1: x=5.8, y=0, z=8.6, a=0.00 Order:#1: Sushi_Fish #2: Sushi_Fish "
"Player 0: x=15.73, y=0, z=8.6, a=204.59 Player 1: x=5.8, y=0, z=8.6, a=0.00 Order:#1: Sushi_Fish #2: Sushi_Fish "
"Player 0: x=15.73, y=0, z=8.6, a=204.59 Player 1: x=5.8, y=0, z=8.6, a=0.00 Order:#1: Sushi_Fish #2: Sushi_Fish "
"Player 0: x=15.73, y=0, z=8.6, a=204.59 Player 1: x=5.8, y=0, z=8.6, a=0.00 Order:#1: Sushi_Fish #2: Sushi_Fish "
"Player 0: x=15.73, y=0, z=8.6, a=204.59 Player 1: x=5.8, y=0, z=8.6, a=0.00 Order:#1: Sushi_Fish #2: Sushi_Fish "
"Player 0: x=15.73, y=0, z=8.6, a=204.59 Player 1: x=5.8, y=0, z=8.6, a=0.00 Order:#1: Sushi_Fish #2: Sushi_Fish "
"Player 0: x=15.73, y=0, z=8.6, a=204.59 Player 1: x=5.8, y=0, z=8.6, a=0.00 Order:#1: Sushi_Fish #2: Sushi_Fish "
"Player 0: x=15.73, y=0, z=8.6, a=204.59 Player 1: x=5.8, y=0, z=8.6, a=0.00 Order:#1: Sushi_Fish #2: Sushi_Fish "
"Player 0: x=15.73, y=0, z=8.6, a=204.59 Player 1: x=5.8, y=0, z=8.6, a=0.00 Order:#1: Sushi_Fish #2: Sushi_Fish "
"Player 0: x=15.73, y=0, z=8.6, a=204.59 Player 1: x=5.8, y=0, z=8.6, a=0.00 Order:#1: Sushi_Fish #2: Sushi_Fish "
"Player 0: x=15.73, y=0, z=8.6, a=204.59 Player 1: x=5.8, y=0, z=8.6, a=0.00 Order:#1: Sushi_Fish #2: Sushi_Fish "
"Player 0: x=15.73, y=0, z=8.6, a=204.59 Player 1: x=5.8, y=0, z=8.6, a=0.00 Order:#1: Sushi_Fish #2: Sushi_Fish "
"Player 0: x=15.73, y=0, z=8.6, a=204.59 Player 1: x=5.8, y=0, z=8.6, a=0.00 Order:#1: Sushi_Fish #2: Sushi_Fish "
"Player 0: x=15.73, y=0, z=8.6, a=204.59 Player 1: x=5.8, y=0, z=8.6, a=0.00 Order:#1: Sushi_Fish #2: Sushi_Fish "
"Player 0: x=15.73, y=0, z=8.6, a=204.59 Player 1: x=5.8, y=0, z=8.6, a=0.00 Order:#1: Sushi_Fish #2: Sushi_Fish "
"Player 0: x=15.73, y=0, z=8.6, a=204.59 Player 1: x=5.8, y=0, z=8.6, a=0.00 Order:#1: Sushi_Fish #2: Sushi_Fish "
"Player 0: x=15.73, y=0, z=8.6, a=204.59 Player 1: x=5.8, y=0, z=8.6, a=0.00 Order:#1: Sushi_Fish #2: Sushi_Fish "
"Player 0: x=15.73, y=0, z=8.6, a=204.59 Player 1: x=5.8, y=0, z=8.6, a=0.00 Order:#1: Sushi_Fish #2: Sushi_Fish "
"Player 0: x=15.73, y=0, z=8.6, a=204.59 Player 1: x=5.8, y=0, z=8.6, a=0.00 Order:#1: Sushi_Fish #2: Sushi_Fish "
"Player 0: x=15.73, y=0, z=8.6, a=204.59 Player 1: x=5.8, y=0, z=8.6, a=0.00 Order:#1: Sushi_Fish #2: Sushi_Fish "
"Player 0: x=15.73, y=0, z=8.6, a=204.59 Player 1: x=5.8, y=0, z=8.6, a=0.00 Order:#1: Sushi_Fish #2: Sushi_Fish "
"Player 0: x=15.73, y=0, z=8.6, a=204.59 Player 1: x=5.8, y=0, z=8.6, a=0.00 Order:#1: Sushi_Fish #2: Sushi_Fish "
"Player 0: x=15.73, y=0, z=8.6, a=204.59 Player 1: x=5.8, y=0, z=8.6, a=0.00 Order:#1: Sushi_Fish #2: Sushi_Fish "
"Player 0: x=15.73, y=0, z=8.6, a=204.59 Player 1: x=5.8, y=0, z=8.6, a=0.00 Order:#1: Sushi_Fish #2: Sushi_Fish "
"Player 0: x=15.73, y=0, z=8.6, a=204.59 Player 1: x=5.8, y=0, z=8.6, a=0.00 Order:#1: Sushi_Fish #2: Sushi_Fish "
"Player 0: x=15.73, y=0, z=8.6, a=204.59 Player 1: x=5.8, y=0, z=8.6, a=0.00 Order:#1: Sushi_Fish #2: Sushi_Fish "
"Player 0: x=15.73, y=0, z=8.6, a=204.59 Player 1: x=5.8, y=0, z=8.6, a=0.00 Order:#1: Sushi_Fish #2: Sushi_Fish "
"Player 0: x=15.73, y=0, z=8.6, a=204.59 Player 1: x=5.8, y=0, z=8.6, a=0.00 Order:#1: Sushi_Fish #2: Sushi_Fish "
"Player 0: x=15.73, y=0, z=8.6, a=204.59 Player 1: x=5.8, y=0, z=8.6, a=0.00 Order:#1: Sushi_Fish #2: Sushi_Fish "
"Player 0: x=15.73, y=0, z=8.6, a=204.59 Player 1: x=5.8, y=0, z=8.6, a=0.00 Order:#1: Sushi_Fish #2: Sushi_Fish "
"Player 0: x=15.73, y=0, z=8.6, a=204.59 Player 1: x=5.8, y=0, z=8.6, a=0.00 Order:#1: Sushi_Fish #2: Sushi_Fish "
"Player 0: x=15.73, y=0, z=8.6, a=204.59 Player 1: x=5.8, y=0, z=8.6, a=0.00 Order:#1: Sushi_Fish #2: Sushi_Fish "
"Player 0: x=15.73, y=0, z=8.6, a=204.59 Player 1: x=5.8, y=0, z=8.6, a=0.00 Order:#1: Sushi_Fish #2: Sushi_Fish "
"Player 0: x=15.73, y=0, z=8.6, a=204.59 Player 1: x=5.8, y=0, z=8.6, a=0.00 Order:#1: Sushi_Fish #2: Sushi_Fish "
"Player 0: x=15.73, y=0, z=8.6, a=204.59 Player 1: x=5.8, y=0, z=8.6, a=0.00 Order:#1: Sushi_Fish #2: Sushi_Fish "
"Player 0: x=15.73, y=0, z=8.6, a=204.59 Player 1: x=5.8, y=0, z=8.6, a=0.00 Order:#1: Sushi_Fish #2: Sushi_Fish "
"Player 0: x=15.73, y=0, z=8.6, a=204.59 Player 1: x=5.8, y=0, z=8.6, a=0.00 Order:#1: Sushi_Fish #2: Sushi_Fish "
"Player 0: x=15.73, y=0, z=8.6, a=204.59 Player 1: x=5.8, y=0, z=8.6, a=0.00 Order:#1: Sushi_Fish #2: Sushi_Fish "
"Player 0: x=15.73, y=0, z=8.6, a=204.59 Player 1: x=5.8, y=0, z=8.6, a=0.00 Order:#1: Sushi_Fish #2: Sushi_Fish "
"Player 0: x=15.73, y=0, z=8.6, a=204.59 Player 1: x=5.8, y=0, z=8.6, a=0.00 Order:#1: Sushi_Fish #2: Sushi_Fish "
"Player 0: x=15.73, y=0, z=8.6, a=204.59 Player 1: x=5.8, y=0, z=8.6, a=0.00 Order:#1: Sushi_Fish #2: Sushi_Fish "
"Player 0: x=15.73, y=0, z=8.6, a=204.59 Player 1: x=5.8, y=0, z=8.6, a=0.00 Order:#1: Sushi_Fish #2: Sushi_Fish "
"Player 0: x=15.73, y=0, z=8.6, a=204.59 Player 1: x=5.8, y=0, z=8.6, a=0.00 Order:#1: Sushi_Fish #2: Sushi_Fish "
"Player 0: x=15.73, y=0, z=8.6, a=204.59 Player 1: x=5.8, y=0, z=8.6, a=0.00 Order:#1: Sushi_Fish #2: Sushi_Fish "
"Player 0: x=15.73, y=0, z=8.6, a=204.59 Player 1: x=5.8, y=0, z=8.6, a=0.00 Order:#1: Sushi_Fish #2: Sushi_Fish "
"Player 0: x=15.73, y=0, z=8.6, a=204.59 Player 1: x=5.8, y=0, z=8.6, a=0.00 Order:#1: Sushi_Fish #2: Sushi_Fish "
"Player 0: x=15.73, y=0, z=8.6, a=204.59 Player 1: x=5.8, y=0, z=8.6, a=0.00 Order:#1: Sushi_Fish #2: Sushi_Fish "
"Player 0: x=15.73, y=0, z=8.6, a=204.59 Player 1: x=5.8, y=0, z=8.6, a=0.00 Order:#1: Sushi_Fish #2: Sushi_Fish "
"Player 0: x=15.73, y=0, z=8.48, a=180.00 Player 1: x=5.8, y=0, z=8.6, a=0.00 Order:#1: Sushi_Fish #2: Sushi_Fish "
"Player 0: x=15.73, y=0, z=8.12, a=180.00 Player 1: x=5.8, y=0, z=8.6, a=0.00 Order:#1: Sushi_Fish #2: Sushi_Fish "
"Player 0: x=15.73, y=0, z=7.76, a=180.00 Player 1: x=5.8, y=0, z=8.6, a=0.00 Order:#1: Sushi_Fish #2: Sushi_Fish "
"Player 0: x=15.73, y=0, z=7.28, a=180.00 Player 1: x=5.8, y=0, z=8.6, a=0.00 Order:#1: Sushi_Fish #2: Sushi_Fish "
"Player 0: x=15.73, y=0, z=6.92, a=180.00 Player 1: x=5.8, y=0, z=8.6, a=0.00 Order:#1: Sushi_Fish #2: Sushi_Fish "
"Player 0: x=15.73, y=0, z=6.56, a=180.00 Player 1: x=5.8, y=0, z=8.6, a=0.00 Order:#1: Sushi_Fish #2: Sushi_Fish "
"Player 0: x=15.73, y=0, z=6.08, a=180.00 Player 1: x=5.8, y=0, z=8.6, a=0.00 Order:#1: Sushi_Fish #2: Sushi_Fish "
"Player 0: x=15.73, y=0, z=5.72, a=180.00 Player 1: x=5.8, y=0, z=8.6, a=0.00 Order:#1: Sushi_Fish #2: Sushi_Fish "
"Player 0: x=15.73, y=0, z=5.24, a=180.00 Player 1: x=5.8, y=0, z=8.6, a=0.00 Order:#1: Sushi_Fish #2: Sushi_Fish "
"Player 0: x=15.73, y=0, z=4.88, a=180.00 Player 1: x=5.8, y=0, z=8.6, a=0.00 Order:#1: Sushi_Fish #2: Sushi_Fish "
"Player 0: x=15.73, y=0, z=4.52, a=180.00 Player 1: x=5.8, y=0, z=8.6, a=0.00 Order:#1: Sushi_Fish #2: Sushi_Fish "
"Player 0: x=15.73, y=0, z=4.16, a=180.00 Player 1: x=5.8, y=0, z=8.6, a=0.00 Order:#1: Sushi_Fish #2: Sushi_Fish "
"Player 0: x=15.73, y=0, z=3.68, a=180.00 Player 1: x=5.8, y=0, z=8.6, a=0.00 Order:#1: Sushi_Fish #2: Sushi_Fish "
"Player 0: x=15.73, y=0, z=3.32, a=180.00 Player 1: x=5.8, y=0, z=8.6, a=0.00 Order:#1: Sushi_Fish #2: Sushi_Fish "
"Player 0: x=15.73, y=0, z=2.96, a=180.00 Player 1: x=5.8, y=0, z=8.6, a=0.00 Order:#1: Sushi_Fish #2: Sushi_Fish "
"Player 0: x=15.73, y=0, z=2.48, a=180.00 Player 1: x=5.8, y=0, z=8.6, a=0.00 Order:#1: Sushi_Fish #2: Sushi_Fish "
"Player 0: x=15.73, y=0, z=2.12, a=180.00 Player 1: x=5.8, y=0, z=8.6, a=0.00 Order:#1: Sushi_Fish #2: Sushi_Fish "
"Player 0: x=15.73, y=0, z=2.2, a=180.00 Player 1: x=5.8, y=0, z=8.6, a=0.00 Order:#1: Sushi_Fish #2: Sushi_Fish "
"Player 0: x=15.73, y=0, z=2.2, a=180.00 Player 1: x=5.8, y=0, z=8.6, a=0.00 Order:#1: Sushi_Fish #2: Sushi_Fish "
"Player 0: x=15.73, y=0, z=2.2, a=180.00 Player 1: x=5.8, y=0, z=8.6, a=0.00 Order:#1: Sushi_Fish #2: Sushi_Fish "
"Player 0: x=15.73, y=0, z=2.2, a=180.00 Player 1: x=5.8, y=0, z=8.6, a=0.00 Order:#1: Sushi_Fish #2: Sushi_Fish "
"Player 0: x=15.73, y=0, z=2.2, a=180.00 Player 1: x=5.8, y=0, z=8.6, a=0.00 Order:#1: Sushi_Fish #2: Sushi_Fish "
"Player 0: x=15.97, y=0, z=2.2, a=103.61 Player 1: x=5.8, y=0, z=8.6, a=0.00 Order:#1: Sushi_Fish #2: Sushi_Fish "
"Player 0: x=16.32, y=0, z=2.22, a=90.00 Player 1: x=5.8, y=0, z=8.6, a=0.00 Order:#1: Sushi_Fish #2: Sushi_Fish "
"Player 0: x=16.8, y=0, z=2.22, a=90.00 Player 1: x=5.8, y=0, z=8.6, a=0.00 Order:#1: Sushi_Fish #2: Sushi_Fish "
"Player 0: x=17.16, y=0, z=2.22, a=90.00 Player 1: x=5.8, y=0, z=8.6, a=0.00 Order:#1: Sushi_Fish #2: Sushi_Fish "
"Player 0: x=17.52, y=0, z=2.22, a=90.00 Player 1: x=5.8, y=0, z=8.6, a=0.00 Order:#1: Sushi_Fish #2: Sushi_Fish "
"Player 0: x=18, y=0, z=2.22, a=90.00 Player 1: x=5.8, y=0, z=8.6, a=0.00 Order:#1: Sushi_Fish #2: Sushi_Fish "
"Player 0: x=18.21, y=0, z=2.22, a=90.00 Player 1: x=5.8, y=0, z=8.6, a=0.00 Order:#1: Sushi_Fish #2: Sushi_Fish "
"Player 0: x=18.2, y=0, z=2.22, a=90.00 Player 1: x=5.8, y=0, z=8.6, a=0.00 Order:#1: Sushi_Fish #2: Sushi_Fish "
"Player 0: x=18.2, y=0, z=2.22, a=90.00 Player 1: x=5.8, y=0, z=8.6, a=0.00 Order:#1: Sushi_Fish #2: Sushi_Fish "
"Player 0: x=18.2, y=0, z=2.22, a=90.00 Player 1: x=5.8, y=0, z=8.6, a=0.00 Order:#1: Sushi_Fish #2: Sushi_Fish "
"Player 0: x=18.2, y=0, z=2.22, a=90.00 Player 1: x=5.8, y=0, z=8.6, a=0.00 Order:#1: Sushi_Fish #2: Sushi_Fish "
"Player 0: x=18.2, y=0, z=2.22, a=90.00 Player 1: x=5.8, y=0, z=8.6, a=0.00 Order:#1: Sushi_Fish #2: Sushi_Fish "
"Player 0: x=18.2, y=0, z=2.22, a=90.00 Player 1: x=5.8, y=0, z=8.6, a=0.00 Order:#1: Sushi_Fish #2: Sushi_Fish "
"Player 0: x=18.2, y=0, z=2.22, a=90.00 Player 1: x=5.8, y=0, z=8.6, a=0.00 Order:#1: Sushi_Fish #2: Sushi_Fish "
"Player 0: x=18.2, y=0, z=2.22, a=90.00 Player 1: x=5.8, y=0, z=8.6, a=0.00 Order:#1: Sushi_Fish #2: Sushi_Fish "
"Player 0: x=18.2, y=0, z=2.22, a=90.00 Player 1: x=5.8, y=0, z=8.6, a=0.00 Order:#1: Sushi_Fish #2: Sushi_Fish "
"Player 0: x=18.2, y=0, z=2.22, a=90.00 Player 1: x=5.8, y=0, z=8.6, a=0.00 Order:#1: Sushi_Fish #2: Sushi_Fish "
"Player 0: x=18.2, y=0, z=2.22, a=90.00 Player 1: x=5.8, y=0, z=8.6, a=0.00 Order:#1: Sushi_Fish #2: Sushi_Fish "
"Player 0: x=18.2, y=0, z=2.22, a=90.00 Player 1: x=5.8, y=0, z=8.6, a=0.00 Order:#1: Sushi_Fish #2: Sushi_Fish "
"Player 0: x=18.2, y=0, z=2.22, a=90.00 Player 1: x=5.8, y=0, z=8.6, a=0.00 Order:#1: Sushi_Fish #2: Sushi_Fish "
"Player 0: x=18.2, y=0, z=2.22, a=90.00 Player 1: x=5.8, y=0, z=8.6, a=0.00 Order:#1: Sushi_Fish #2: Sushi_Fish "
"Player 0: x=18.2, y=0, z=2.22, a=90.00 Player 1: x=5.8, y=0, z=8.6, a=0.00 Order:#1: Sushi_Fish #2: Sushi_Fish "
"Player 0: x=18.2, y=0, z=2.22, a=90.00 Player 1: x=5.8, y=0, z=8.6, a=0.00 Order:#1: Sushi_Fish #2: Sushi_Fish "
"Player 0: x=18.2, y=0, z=2.22, a=90.00 Player 1: x=5.8, y=0, z=8.6, a=0.00 Order:#1: Sushi_Fish #2: Sushi_Fish "
"Player 0: x=18.2, y=0, z=2.22, a=90.00 Player 1: x=5.8, y=0, z=8.6, a=0.00 Order:#1: Sushi_Fish #2: Sushi_Fish "
"Player 0: x=18.2, y=0, z=2.22, a=90.00 Player 1: x=5.8, y=0, z=8.6, a=0.00 Order:#1: Sushi_Fish #2: Sushi_Fish "
"Player 0: x=18.2, y=0, z=2.22, a=90.00 Player 1: x=5.8, y=0, z=8.6, a=0.00 Order:#1: Sushi_Fish #2: Sushi_Fish "
"Player 0: x=18.2, y=0, z=2.22, a=90.00 Player 1: x=5.8, y=0, z=8.6, a=0.00 Order:#1: Sushi_Fish #2: Sushi_Fish "
"Player 0: x=18.2, y=0, z=2.22, a=90.00 Player 1: x=5.8, y=0, z=8.6, a=0.00 Order:#1: Sushi_Fish #2: Sushi_Fish "
"Player 0: x=18.2, y=0, z=2.22, a=90.00 Player 1: x=5.8, y=0, z=8.6, a=0.00 Order:#1: Sushi_Fish #2: Sushi_Fish "
"Player 0: x=18.2, y=0, z=2.22, a=90.00 Player 1: x=5.8, y=0, z=8.6, a=0.00 Order:#1: Sushi_Fish #2: Sushi_Fish "
"Player 0: x=18.2, y=0, z=2.22, a=90.00 Player 1: x=5.8, y=0, z=8.6, a=0.00 Order:#1: Sushi_Fish #2: Sushi_Fish "
"Player 0: x=18.2, y=0, z=2.22, a=90.00 Player 1: x=5.8, y=0, z=8.6, a=0.00 Order:#1: Sushi_Fish #2: Sushi_Fish "
"Player 0: x=18.2, y=0, z=2.22, a=90.00 Player 1: x=5.8, y=0, z=8.6, a=0.00 Order:#1: Sushi_Fish #2: Sushi_Fish "
"Player 0: x=18.2, y=0, z=2.22, a=90.00 Player 1: x=5.8, y=0, z=8.6, a=0.00 Order:#1: Sushi_Fish #2: Sushi_Fish "
"Player 0: x=18.2, y=0, z=2.22, a=90.00 Player 1: x=5.8, y=0, z=8.6, a=0.00 Order:#1: Sushi_Fish #2: Sushi_Fish "
"Player 0: x=18.2, y=0, z=2.22, a=90.00 Player 1: x=5.8, y=0, z=8.6, a=0.00 Order:#1: Sushi_Fish #2: Sushi_Fish "
"Player 0: x=18.2, y=0, z=2.22, a=90.00 Player 1: x=5.8, y=0, z=8.6, a=0.00 Order:#1: Sushi_Fish #2: Sushi_Fish "
"Player 0: x=18.2, y=0, z=2.22, a=90.00 Player 1: x=5.8, y=0, z=8.6, a=0.00 Order:#1: Sushi_Fish #2: Sushi_Fish "
"Player 0: x=18.2, y=0, z=2.22, a=90.00 Player 1: x=5.8, y=0, z=8.6, a=0.00 Order:#1: Sushi_Fish #2: Sushi_Fish "
"Player 0: x=18.2, y=0, z=2.22, a=90.00 Player 1: x=5.8, y=0, z=8.6, a=0.00 Order:#1: Sushi_Fish #2: Sushi_Fish "
"Player 0: x=18.2, y=0, z=2.22, a=90.00 Player 1: x=5.8, y=0, z=8.6, a=0.00 Order:#1: Sushi_Fish #2: Sushi_Fish "
"Player 0: x=18.2, y=0, z=2.22, a=90.00 Player 1: x=5.8, y=0, z=8.6, a=0.00 Order:#1: Sushi_Fish #2: Sushi_Fish "
"Player 0: x=18.2, y=0, z=2.22, a=90.00 Player 1: x=5.8, y=0, z=8.6, a=0.00 Order:#1: Sushi_Fish #2: Sushi_Fish "
"Player 0: x=18.2, y=0, z=2.22, a=90.00 Player 1: x=5.8, y=0, z=8.6, a=0.00 Order:#1: Sushi_Fish #2: Sushi_Fish "
"Player 0: x=18.2, y=0, z=2.22, a=90.00 Player 1: x=5.8, y=0, z=8.6, a=0.00 Order:#1: Sushi_Fish #2: Sushi_Fish "
"Player 0: x=18.2, y=0, z=2.22, a=90.00 Player 1: x=5.8, y=0, z=8.6, a=0.00 Order:#1: Sushi_Fish #2: Sushi_Fish "
"Player 0: x=18.2, y=0, z=2.22, a=90.00 Player 1: x=5.8, y=0, z=8.6, a=0.00 Order:#1: Sushi_Fish #2: Sushi_Fish "
"Player 0: x=18.2, y=0, z=2.22, a=90.00 Player 1: x=5.8, y=0, z=8.6, a=0.00 Order:#1: Sushi_Fish #2: Sushi_Fish "
"Player 0: x=18.2, y=0, z=2.22, a=90.00 Player 1: x=5.8, y=0, z=8.6, a=0.00 Order:#1: Sushi_Fish #2: Sushi_Fish "
"Player 0: x=18.2, y=0, z=2.22, a=90.00 Player 1: x=5.8, y=0, z=8.6, a=0.00 Order:#1: Sushi_Fish #2: Sushi_Fish "
"Player 0: x=18.2, y=0, z=2.22, a=90.00 Player 1: x=5.8, y=0, z=8.6, a=0.00 Order:#1: Sushi_Fish #2: Sushi_Fish "
"Player 0: x=18.2, y=0, z=2.22, a=90.00 Player 1: x=5.8, y=0, z=8.6, a=0.00 Order:#1: Sushi_Fish #2: Sushi_Fish "
"Player 0: x=18.2, y=0, z=2.22, a=90.00 Player 1: x=5.8, y=0, z=8.6, a=0.00 Order:#1: Sushi_Fish #2: Sushi_Fish "
"Player 0: x=18.2, y=0, z=2.22, a=90.00 Player 1: x=5.8, y=0, z=8.6, a=0.00 Order:#1: Sushi_Fish #2: Sushi_Fish "
"Player 0: x=18.2, y=0, z=2.22, a=90.00 Player 1: x=5.8, y=0, z=8.6, a=0.00 Order:#1: Sushi_Fish #2: Sushi_Fish "
"Player 0: x=18.2, y=0, z=2.22, a=90.00 Player 1: x=5.8, y=0, z=8.6, a=0.00 Order:#1: Sushi_Fish #2: Sushi_Fish "
"Player 0: x=18.2, y=0, z=2.22, a=90.00 Player 1: x=5.8, y=0, z=8.6, a=0.00 Order:#1: Sushi_Fish #2: Sushi_Fish "
"Player 0: x=18.2, y=0, z=2.22, a=90.00 Player 1: x=5.8, y=0, z=8.6, a=0.00 Order:#1: Sushi_Fish #2: Sushi_Fish "
"Player 0: x=18.2, y=0, z=2.22, a=90.00 Player 1: x=5.8, y=0, z=8.6, a=0.00 Order:#1: Sushi_Fish #2: Sushi_Fish "
"Player 0: x=18.2, y=0, z=2.22, a=90.00 Player 1: x=5.8, y=0, z=8.6, a=0.00 Order:#1: Sushi_Fish #2: Sushi_Fish "
"Player 0: x=18.2, y=0, z=2.22, a=90.00 Player 1: x=5.8, y=0, z=8.6, a=0.00 Order:#1: Sushi_Fish #2: Sushi_Fish "
"Player 0: x=18.2, y=0, z=2.22, a=90.00 Player 1: x=5.8, y=0, z=8.6, a=0.00 Order:#1: Sushi_Fish #2: Sushi_Fish "
"Player 0: x=18.2, y=0, z=2.22, a=90.00 Player 1: x=5.8, y=0, z=8.6, a=0.00 Order:#1: Sushi_Fish #2: Sushi_Fish "
"Player 0: x=18.2, y=0, z=2.22, a=90.00 Player 1: x=5.8, y=0, z=8.6, a=0.00 Order:#1: Sushi_Fish #2: Sushi_Fish "
"Player 0: x=18.2, y=0, z=2.22, a=90.00 Player 1: x=5.8, y=0, z=8.6, a=0.00 Order:#1: Sushi_Fish #2: Sushi_Fish "
"Player 0: x=18.2, y=0, z=2.22, a=90.00 Player 1: x=5.8, y=0, z=8.6, a=0.00 Order:#1: Sushi_Fish #2: Sushi_Fish "
"Player 0: x=18.2, y=0, z=2.22, a=90.00 Player 1: x=5.8, y=0, z=8.6, a=0.00 Order:#1: Sushi_Fish #2: Sushi_Fish "
"Player 0: x=18.2, y=0, z=2.22, a=90.00 Player 1: x=5.8, y=0, z=8.6, a=0.00 Order:#1: Sushi_Fish #2: Sushi_Fish "
"Player 0: x=18.2, y=0, z=2.22, a=90.00 Player 1: x=5.8, y=0, z=8.6, a=0.00 Order:#1: Sushi_Fish #2: Sushi_Fish "
"Player 0: x=18.2, y=0, z=2.22, a=90.00 Player 1: x=5.8, y=0, z=8.6, a=0.00 Order:#1: Sushi_Fish #2: Sushi_Fish "
"Player 0: x=18.2, y=0, z=2.22, a=90.00 Player 1: x=5.8, y=0, z=8.6, a=0.00 Order:#1: Sushi_Fish #2: Sushi_Fish "
"Player 0: x=18.2, y=0, z=2.22, a=90.00 Player 1: x=5.8, y=0, z=8.6, a=0.00 Order:#1: Sushi_Fish #2: Sushi_Fish "
"Player 0: x=18.2, y=0, z=2.22, a=90.00 Player 1: x=5.8, y=0, z=8.6, a=0.00 Order:#1: Sushi_Fish #2: Sushi_Fish "
"Player 0: x=18.2, y=0, z=2.22, a=90.00 Player 1: x=5.8, y=0, z=8.6, a=0.00 Order:#1: Sushi_Fish #2: Sushi_Fish "
"Player 0: x=18.2, y=0, z=2.22, a=90.00 Player 1: x=5.8, y=0, z=8.6, a=0.00 Order:#1: Sushi_Fish #2: Sushi_Fish "
"Player 0: x=18.2, y=0, z=2.22, a=90.00 Player 1: x=5.8, y=0, z=8.6, a=0.00 Order:#1: Sushi_Fish #2: Sushi_Fish "
"Player 0: x=18.2, y=0, z=2.22, a=90.00 Player 1: x=5.8, y=0, z=8.6, a=0.00 Order:#1: Sushi_Fish #2: Sushi_Fish "
"Player 0: x=18.2, y=0, z=2.22, a=90.00 Player 1: x=5.8, y=0, z=8.6, a=0.00 Order:#1: Sushi_Fish #2: Sushi_Fish "
"Player 0: x=18.2, y=0, z=2.22, a=90.00 Player 1: x=5.8, y=0, z=8.6, a=0.00 Order:#1: Sushi_Fish #2: Sushi_Fish "
"Player 0: x=18.2, y=0, z=2.22, a=90.00 Player 1: x=5.8, y=0, z=8.6, a=0.00 Order:#1: Sushi_Fish #2: Sushi_Fish "
"Player 0: x=18.2, y=0, z=2.22, a=90.00 Player 1: x=5.8, y=0, z=8.6, a=0.00 Order:#1: Sushi_Fish #2: Sushi_Fish "
"Player 0: x=18.2, y=0, z=2.22, a=90.00 Player 1: x=5.8, y=0, z=8.6, a=0.00 Order:#1: Sushi_Fish #2: Sushi_Fish "
"Player 0: x=18.2, y=0, z=2.22, a=90.00 Player 1: x=5.8, y=0, z=8.6, a=0.00 Order:#1: Sushi_Fish #2: Sushi_Fish "
"Player 0: x=18.2, y=0, z=2.22, a=90.00 Player 1: x=5.8, y=0, z=8.6, a=0.00 Order:#1: Sushi_Fish #2: Sushi_Fish "
"Player 0: x=18.2, y=0, z=2.22, a=90.00 Player 1: x=5.8, y=0, z=8.6, a=0.00 Order:#1: Sushi_Fish #2: Sushi_Fish "
"Player 0: x=18.2, y=0, z=2.22, a=90.00 Player 1: x=5.8, y=0, z=8.6, a=0.00 Order:#1: Sushi_Fish #2: Sushi_Fish "
"Player 0: x=18.2, y=0, z=2.22, a=90.00 Player 1: x=5.8, y=0, z=8.6, a=0.00 Order:#1: Sushi_Fish #2: Sushi_Fish "
"Player 0: x=18.2, y=0, z=2.22, a=90.00 Player 1: x=5.8, y=0, z=8.6, a=0.00 Order:#1: Sushi_Fish #2: Sushi_Fish "
"Player 0: x=18.2, y=0, z=2.22, a=90.00 Player 1: x=5.8, y=0, z=8.6, a=0.00 Order:#1: Sushi_Fish #2: Sushi_Fish "
"Player 0: x=18.2, y=0, z=2.22, a=90.00 Player 1: x=5.8, y=0, z=8.6, a=0.00 Order:#1: Sushi_Fish #2: Sushi_Fish "
"Player 0: x=18.2, y=0, z=2.22, a=90.00 Player 1: x=5.8, y=0, z=8.6, a=0.00 Order:#1: Sushi_Fish #2: Sushi_Fish "
"Player 0: x=18.2, y=0, z=2.22, a=90.00 Player 1: x=5.8, y=0, z=8.6, a=0.00 Order:#1: Sushi_Fish #2: Sushi_Fish "
"Player 0: x=18.2, y=0, z=2.22, a=90.00 Player 1: x=5.8, y=0, z=8.6, a=0.00 Order:#1: Sushi_Fish #2: Sushi_Fish "
"Player 0: x=18.2, y=0, z=2.22, a=90.00 Player 1: x=5.8, y=0, z=8.6, a=0.00 Order:#1: Sushi_Fish #2: Sushi_Fish "
"Player 0: x=18.2, y=0, z=2.22, a=90.00 Player 1: x=5.8, y=0, z=8.6, a=0.00 Order:#1: Sushi_Fish #2: Sushi_Fish "
"Player 0: x=18.2, y=0, z=2.22, a=90.00 Player 1: x=5.8, y=0, z=8.6, a=0.00 Order:#1: Sushi_Fish #2: Sushi_Fish "
"Player 0: x=18.2, y=0, z=2.22, a=90.00 Player 1: x=5.8, y=0, z=8.6, a=0.00 Order:#1: Sushi_Fish #2: Sushi_Fish "
"Player 0: x=18.2, y=0, z=2.22, a=90.00 Player 1: x=5.8, y=0, z=8.6, a=0.00 Order:#1: Sushi_Fish #2: Sushi_Fish "
"Player 0: x=18.2, y=0, z=2.22, a=128.20 Player 1: x=5.8, y=0, z=8.6, a=0.00 Order:#1: Sushi_Fish #2: Sushi_Fish "
"Player 0: x=17.84, y=0, z=2.22, a=185.49 Player 1: x=5.8, y=0, z=8.6, a=0.00 Order:#1: Sushi_Fish #2: Sushi_Fish "
"Player 0: x=17.48, y=0, z=2.22, a=261.89 Player 1: x=5.8, y=0, z=8.6, a=0.00 Order:#1: Sushi_Fish #2: Sushi_Fish "
"Player 0: x=17, y=0, z=2.22, a=270.00 Player 1: x=5.8, y=0, z=8.6, a=0.00 Order:#1: Sushi_Fish #2: Sushi_Fish "
"Player 0: x=16.64, y=0, z=2.22, a=270.00 Player 1: x=5.8, y=0, z=8.6, a=0.00 Order:#1: Sushi_Fish #2: Sushi_Fish "
"Player 0: x=16.28, y=0, z=2.22, a=270.00 Player 1: x=5.8, y=0, z=8.6, a=0.00 Order:#1: Sushi_Fish #2: Sushi_Fish "
"Player 0: x=15.8, y=0, z=2.22, a=270.00 Player 1: x=5.8, y=0, z=8.6, a=0.00 Order:#1: Sushi_Fish #2: Sushi_Fish "
"Player 0: x=15.44, y=0, z=2.22, a=270.00 Player 1: x=5.8, y=0, z=8.6, a=0.00 Order:#1: Sushi_Fish #2: Sushi_Fish "
"Player 0: x=15.08, y=0, z=2.22, a=270.00 Player 1: x=5.8, y=0, z=8.6, a=0.00 Order:#1: Sushi_Fish #2: Sushi_Fish "
"Player 0: x=14.6, y=0, z=2.22, a=270.00 Player 1: x=5.8, y=0, z=8.6, a=0.00 Order:#1: Sushi_Fish #2: Sushi_Fish "
"Player 0: x=14.24, y=0, z=2.22, a=270.00 Player 1: x=5.8, y=0, z=8.6, a=0.00 Order:#1: Sushi_Fish #2: Sushi_Fish "
"Player 0: x=14, y=0, z=2.22, a=270.00 Player 1: x=5.8, y=0, z=8.6, a=0.00 Order:#1: Sushi_Fish #2: Sushi_Fish "
"Player 0: x=13.52, y=0, z=2.22, a=270.00 Player 1: x=5.8, y=0, z=8.6, a=0.00 Order:#1: Sushi_Fish #2: Sushi_Fish "
"Player 0: x=13.16, y=0, z=2.22, a=270.00 Player 1: x=5.8, y=0, z=8.6, a=0.00 Order:#1: Sushi_Fish #2: Sushi_Fish "
"Player 0: x=12.8, y=0, z=2.22, a=270.00 Player 1: x=5.8, y=0, z=8.6, a=0.00 Order:#1: Sushi_Fish #2: Sushi_Fish "
"Player 0: x=12.32, y=0, z=2.22, a=270.00 Player 1: x=5.8, y=0, z=8.6, a=0.00 Order:#1: Sushi_Fish #2: Sushi_Fish "
"Player 0: x=11.96, y=0, z=2.22, a=270.00 Player 1: x=5.8, y=0, z=8.6, a=0.00 Order:#1: Sushi_Fish #2: Sushi_Fish "
"Player 0: x=11.6, y=0, z=2.22, a=270.00 Player 1: x=5.8, y=0, z=8.6, a=0.00 Order:#1: Sushi_Fish #2: Sushi_Fish "
"Player 0: x=11.12, y=0, z=2.22, a=270.00 Player 1: x=5.8, y=0, z=8.6, a=0.00 Order:#1: Sushi_Fish #2: Sushi_Fish "
"Player 0: x=10.76, y=0, z=2.22, a=289.10 Player 1: x=5.8, y=0, z=8.6, a=0.00 Order:#1: Sushi_Fish #2: Sushi_Fish "
"Player 0: x=10.68, y=0, z=2.54, a=0.00 Player 1: x=5.8, y=0, z=8.6, a=0.00 Order:#1: Sushi_Fish #2: Sushi_Fish "
"Player 0: x=10.68, y=0, z=3.02, a=0.00 Player 1: x=5.8, y=0, z=8.6, a=0.00 Order:#1: Sushi_Fish #2: Sushi_Fish "
"Player 0: x=10.68, y=0, z=3.38, a=0.00 Player 1: x=5.8, y=0, z=8.6, a=0.00 Order:#1: Sushi_Fish #2: Sushi_Fish "
"Player 0: x=10.68, y=0, z=3.74, a=0.00 Player 1: x=5.8, y=0, z=8.6, a=0.00 Order:#1: Sushi_Fish #2: Sushi_Fish "
"Player 0: x=10.68, y=0, z=4.22, a=0.00 Player 1: x=5.8, y=0, z=8.6, a=0.00 Order:#1: Sushi_Fish #2: Sushi_Fish "
"Player 0: x=10.68, y=0, z=4.58, a=0.00 Player 1: x=5.8, y=0, z=8.6, a=0.00 Order:#1: Sushi_Fish #2: Sushi_Fish "
"Player 0: x=10.68, y=0, z=4.94, a=0.00 Player 1: x=5.8, y=0, z=8.6, a=0.00 Order:#1: Sushi_Fish #2: Sushi_Fish "
"Player 0: x=10.68, y=0, z=5, a=0.00 Player 1: x=5.8, y=0, z=8.6, a=0.00 Order:#1: Sushi_Fish #2: Sushi_Fish "
"Player 0: x=10.68, y=0, z=5, a=0.00 Player 1: x=5.8, y=0, z=8.6, a=0.00 Order:#1: Sushi_Fish #2: Sushi_Fish "
"Player 0: x=10.68, y=0, z=5, a=0.00 Player 1: x=5.8, y=0, z=8.6, a=0.00 Order:#1: Sushi_Fish #2: Sushi_Fish "
"Player 0: x=10.68, y=0, z=5, a=0.00 Player 1: x=5.8, y=0, z=8.6, a=0.00 Order:#1: Sushi_Fish #2: Sushi_Fish "
"Player 0: x=10.68, y=0, z=4.88, a=302.70 Player 1: x=5.8, y=0, z=8.6, a=0.00 Order:#1: Sushi_Fish #2: Sushi_Fish "
"Player 0: x=10.68, y=0, z=4.4, a=226.31 Player 1: x=5.8, y=0, z=8.6, a=0.00 Order:#1: Sushi_Fish #2: Sushi_Fish "
"Player 0: x=10.68, y=0, z=4.04, a=180.00 Player 1: x=5.8, y=0, z=8.6, a=0.00 Order:#1: Sushi_Fish #2: Sushi_Fish "
"Player 0: x=10.68, y=0, z=3.68, a=180.00 Player 1: x=5.8, y=0, z=8.6, a=0.00 Order:#1: Sushi_Fish #2: Sushi_Fish "
"Player 0: x=10.68, y=0, z=3.2, a=180.00 Player 1: x=5.8, y=0, z=8.6, a=0.00 Order:#1: Sushi_Fish #2: Sushi_Fish "
"Player 0: x=10.68, y=0, z=2.84, a=180.00 Player 1: x=5.8, y=0, z=8.6, a=0.00 Order:#1: Sushi_Fish #2: Sushi_Fish "
"Player 0: x=10.68, y=0, z=2.48, a=180.00 Player 1: x=5.8, y=0, z=8.6, a=0.00 Order:#1: Sushi_Fish #2: Sushi_Fish "
"Player 0: x=10.76, y=0, z=2.18, a=122.70 Player 1: x=5.8, y=0, z=8.6, a=0.00 Order:#1: Sushi_Fish #2: Sushi_Fish "
"Player 0: x=11.12, y=0, z=2.2, a=90.00 Player 1: x=5.8, y=0, z=8.6, a=0.00 Order:#1: Sushi_Fish #2: Sushi_Fish "
"Player 0: x=11.48, y=0, z=2.21, a=90.00 Player 1: x=5.8, y=0, z=8.6, a=0.00 Order:#1: Sushi_Fish #2: Sushi_Fish "
"Player 0: x=11.96, y=0, z=2.21, a=90.00 Player 1: x=5.8, y=0, z=8.6, a=0.00 Order:#1: Sushi_Fish #2: Sushi_Fish "
"Player 0: x=12.32, y=0, z=2.21, a=90.00 Player 1: x=5.8, y=0, z=8.6, a=0.00 Order:#1: Sushi_Fish #2: Sushi_Fish "
"Player 0: x=12.68, y=0, z=2.21, a=90.00 Player 1: x=5.8, y=0, z=8.6, a=0.00 Order:#1: Sushi_Fish #2: Sushi_Fish "
"Player 0: x=13, y=0, z=2.2, a=147.30 Player 1: x=5.8, y=0, z=8.6, a=0.00 Order:#1: Sushi_Fish #2: Sushi_Fish "
"Player 0: x=13, y=0, z=2.2, a=180.00 Player 1: x=5.8, y=0, z=8.6, a=0.00 Order:#1: Sushi_Fish #2: Sushi_Fish "
"Player 0: x=13, y=0, z=2.2, a=180.00 Player 1: x=5.8, y=0, z=8.6, a=0.00 Order:#1: Sushi_Fish #2: Sushi_Fish "
"Player 0: x=13, y=0, z=2.2, a=180.00 Player 1: x=5.8, y=0, z=8.6, a=0.00 Order:#1: Sushi_Fish #2: Sushi_Fish "
"Player 0: x=13, y=0, z=2.2, a=180.00 Player 1: x=5.8, y=0, z=8.6, a=0.00 Order:#1: Sushi_Fish #2: Sushi_Fish "
"Player 0: x=13, y=0, z=2.2, a=180.00 Player 1: x=5.8, y=0, z=8.6, a=0.00 Order:#1: Sushi_Fish #2: Sushi_Fish "
"Player 0: x=13, y=0, z=2.56, a=256.39 Player 1: x=5.8, y=0, z=8.6, a=0.00 Order:#1: Sushi_Fish #2: Sushi_Fish "
"Player 0: x=13, y=0, z=2.92, a=332.79 Player 1: x=5.8, y=0, z=8.6, a=0.00 Order:#1: Sushi_Fish #2: Sushi_Fish "
"Player 0: x=13, y=0, z=3.16, a=0.00 Player 1: x=5.8, y=0, z=8.6, a=0.00 Order:#1: Sushi_Fish #2: Sushi_Fish "
"Player 0: x=13, y=0, z=3.64, a=0.00 Player 1: x=5.8, y=0, z=8.6, a=0.00 Order:#1: Sushi_Fish #2: Sushi_Fish "
"Player 0: x=13, y=0, z=4, a=0.00 Player 1: x=5.8, y=0, z=8.6, a=0.00 Order:#1: Sushi_Fish #2: Sushi_Fish "
"Player 0: x=13, y=0, z=4.36, a=0.00 Player 1: x=5.8, y=0, z=8.6, a=0.00 Order:#1: Sushi_Fish #2: Sushi_Fish "
"Player 0: x=13, y=0, z=4.84, a=0.00 Player 1: x=5.8, y=0, z=8.6, a=0.00 Order:#1: Sushi_Fish #2: Sushi_Fish "
"Player 0: x=13, y=0, z=5.02, a=0.00 Player 1: x=5.8, y=0, z=8.6, a=0.00 Order:#1: Sushi_Fish #2: Sushi_Fish "
"Player 0: x=13, y=0, z=5, a=45.00 Player 1: x=5.8, y=0, z=8.6, a=0.00 Order:#1: Sushi_Fish #2: Sushi_Fish "
"Player 0: x=13.34, y=0, z=5, a=45.00 Player 1: x=5.8, y=0, z=8.6, a=0.00 Order:#1: Sushi_Fish #2: Sushi_Fish "
"Player 0: x=13.6, y=0, z=5, a=45.00 Player 1: x=5.8, y=0, z=8.6, a=0.00 Order:#1: Sushi_Fish #2: Sushi_Fish "
"Player 0: x=13.85, y=0, z=5, a=45.00 Player 1: x=5.8, y=0, z=8.6, a=0.00 Order:#1: Sushi_Fish #2: Sushi_Fish "
"Player 0: x=14.22, y=0, z=5.23, a=45.00 Player 1: x=5.8, y=0, z=8.6, a=0.00 Order:#1: Sushi_Fish #2: Sushi_Fish "
"Player 0: x=14.3, y=0, z=5.55, a=0.00 Player 1: x=5.8, y=0, z=8.6, a=0.00 Order:#1: Sushi_Fish #2: Sushi_Fish "
"Player 0: x=14.3, y=0, z=5.91, a=0.00 Player 1: x=5.8, y=0, z=8.6, a=0.00 Order:#1: Sushi_Fish #2: Sushi_Fish "
"Player 0: x=14.3, y=0, z=6.39, a=0.00 Player 1: x=5.8, y=0, z=8.6, a=0.00 Order:#1: Sushi_Fish #2: Sushi_Fish "
"Player 0: x=14.3, y=0, z=6.75, a=0.00 Player 1: x=5.8, y=0, z=8.6, a=0.00 Order:#1: Sushi_Fish #2: Sushi_Fish "
"Player 0: x=14.3, y=0, z=7.11, a=0.00 Player 1: x=5.8, y=0, z=8.6, a=0.00 Order:#1: Sushi_Fish #2: Sushi_Fish "
"Player 0: x=14.3, y=0, z=7.59, a=0.00 Player 1: x=5.8, y=0, z=8.6, a=0.00 Order:#1: Sushi_Fish #2: Sushi_Fish "
"Player 0: x=14.3, y=0, z=7.95, a=0.00 Player 1: x=5.8, y=0, z=8.6, a=0.00 Order:#1: Sushi_Fish #2: Sushi_Fish "
"Player 0: x=14.3, y=0, z=8.31, a=0.00 Player 1: x=5.8, y=0, z=8.6, a=0.00 Order:#1: Sushi_Fish #2: Sushi_Fish "
"Player 0: x=14.3, y=0, z=8.61, a=0.00 Player 1: x=5.8, y=0, z=8.6, a=0.00 Order:#1: Sushi_Fish #2: Sushi_Fish "
"Player 0: x=14.3, y=0, z=8.6, a=0.00 Player 1: x=5.8, y=0, z=8.6, a=0.00 Order:#1: Sushi_Fish #2: Sushi_Fish "
"Player 0: x=14.3, y=0, z=8.6, a=0.00 Player 1: x=5.8, y=0, z=8.6, a=0.00 Order:#1: Sushi_Fish #2: Sushi_Fish "
"Player 0: x=13.94, y=0, z=8.6, a=283.61 Player 1: x=5.8, y=0, z=8.6, a=0.00 Order:#1: Sushi_Fish #2: Sushi_Fish "
"Player 0: x=13.58, y=0, z=8.59, a=270.00 Player 1: x=5.8, y=0, z=8.6, a=0.00 Order:#1: Sushi_Fish #2: Sushi_Fish "
"Player 0: x=13.1, y=0, z=8.59, a=270.00 Player 1: x=5.8, y=0, z=8.6, a=0.00 Order:#1: Sushi_Fish #2: Sushi_Fish "
"Player 0: x=12.86, y=0, z=8.59, a=250.90 Player 1: x=5.8, y=0, z=8.6, a=0.00 Order:#1: Sushi_Fish #2: Sushi_Fish "
"Player 0: x=12.57, y=0, z=8.42, a=186.80 Player 1: x=5.8, y=0, z=8.6, a=0.00 Order:#1: Sushi_Fish #2: Sushi_Fish "
"Player 0: x=12.57, y=0, z=7.94, a=180.00 Player 1: x=5.8, y=0, z=8.6, a=0.00 Order:#1: Sushi_Fish #2: Sushi_Fish "
"Player 0: x=12.57, y=0, z=7.58, a=180.00 Player 1: x=5.8, y=0, z=8.6, a=0.00 Order:#1: Sushi_Fish #2: Sushi_Fish "
"Player 0: x=12.57, y=0, z=7.22, a=180.00 Player 1: x=5.8, y=0, z=8.6, a=0.00 Order:#1: Sushi_Fish #2: Sushi_Fish "
"Player 0: x=12.57, y=0, z=7, a=180.00 Player 1: x=5.8, y=0, z=8.6, a=0.00 Order:#1: Sushi_Fish #2: Sushi_Fish "
"Player 0: x=12.57, y=0, z=7, a=180.00 Player 1: x=5.8, y=0, z=8.6, a=0.00 Order:#1: Sushi_Fish #2: Sushi_Fish "
"Player 0: x=12.4, y=0, z=7, a=244.10 Player 1: x=5.8, y=0, z=8.6, a=0.00 Order:#1: Sushi_Fish #2: Sushi_Fish "
"Player 0: x=11.92, y=0, z=7, a=270.00 Player 1: x=5.8, y=0, z=8.6, a=0.00 Order:#1: Sushi_Fish #2: Sushi_Fish "
"Player 0: x=11.56, y=0, z=7, a=289.10 Player 1: x=5.8, y=0, z=8.6, a=0.00 Order:#1: Sushi_Fish #2: Sushi_Fish "
"Player 0: x=11.39, y=0, z=7.29, a=0.00 Player 1: x=5.8, y=0, z=8.6, a=0.00 Order:#1: Sushi_Fish #2: Sushi_Fish "
"Player 0: x=11.39, y=0, z=7.77, a=0.00 Player 1: x=5.8, y=0, z=8.6, a=0.00 Order:#1: Sushi_Fish #2: Sushi_Fish "
"Player 0: x=11.39, y=0, z=8.13, a=0.00 Player 1: x=5.8, y=0, z=8.6, a=0.00 Order:#1: Sushi_Fish #2: Sushi_Fish "
"Player 0: x=11.39, y=0, z=8.49, a=0.00 Player 1: x=5.8, y=0, z=8.6, a=0.00 Order:#1: Sushi_Fish #2: Sushi_Fish "
"Player 0: x=11.39, y=0, z=8.6, a=0.00 Player 1: x=5.8, y=0, z=8.6, a=0.00 Order:#1: Sushi_Fish #2: Sushi_Fish "
"Player 0: x=11.37, y=0, z=8.6, a=0.00 Player 1: x=5.8, y=0, z=8.6, a=0.00 Order:#1: Sushi_Fish #2: Sushi_Fish "
"Player 0: x=11.27, y=0, z=8.6, a=315.00 Player 1: x=5.8, y=0, z=8.6, a=0.00 Order:#1: Sushi_Fish #2: Sushi_Fish "
"Player 0: x=10.93, y=0, z=8.6, a=315.00 Player 1: x=5.8, y=0, z=8.6, a=0.00 Order:#1: Sushi_Fish #2: Sushi_Fish "
"Player 0: x=10.76, y=0, z=8.6, a=353.20 Player 1: x=5.8, y=0, z=8.6, a=0.00 Order:#1: Sushi_Fish #2: Sushi_Fish "
"Player 0: x=10.76, y=0, z=8.6, a=0.00 Player 1: x=5.8, y=0, z=8.6, a=0.00 Order:#1: Sushi_Fish #2: Sushi_Fish "
"Player 0: x=10.76, y=0, z=8.6, a=0.00 Player 1: x=5.8, y=0, z=8.6, a=0.00 Order:#1: Sushi_Fish #2: Sushi_Fish "
"Player 0: x=10.76, y=0, z=8.6, a=0.00 Player 1: x=5.8, y=0, z=8.6, a=0.00 Order:#1: Sushi_Fish #2: Sushi_Fish "
"Player 0: x=10.76, y=0, z=8.6, a=0.00 Player 1: x=5.8, y=0, z=8.6, a=0.00 Order:#1: Sushi_Fish #2: Sushi_Fish "
"Player 0: x=10.76, y=0, z=8.6, a=0.00 Player 1: x=5.8, y=0, z=8.6, a=0.00 Order:#1: Sushi_Fish #2: Sushi_Fish "
"Player 0: x=10.76, y=0, z=8.6, a=0.00 Player 1: x=5.8, y=0, z=8.6, a=0.00 Order:#1: Sushi_Fish #2: Sushi_Fish "
"Player 0: x=10.76, y=0, z=8.6, a=0.00 Player 1: x=5.8, y=0, z=8.6, a=0.00 Order:#1: Sushi_Fish #2: Sushi_Fish "
"Player 0: x=10.76, y=0, z=8.6, a=0.00 Player 1: x=5.8, y=0, z=8.6, a=0.00 Order:#1: Sushi_Fish #2: Sushi_Fish "
"Player 0: x=10.76, y=0, z=8.6, a=0.00 Player 1: x=5.8, y=0, z=8.6, a=0.00 Order:#1: Sushi_Fish #2: Sushi_Fish "
"Player 0: x=10.76, y=0, z=8.6, a=0.00 Player 1: x=5.8, y=0, z=8.6, a=0.00 Order:#1: Sushi_Fish #2: Sushi_Fish "
"Player 0: x=10.76, y=0, z=8.6, a=0.00 Player 1: x=5.8, y=0, z=8.6, a=0.00 Order:#1: Sushi_Fish #2: Sushi_Fish "
"Player 0: x=10.76, y=0, z=8.6, a=0.00 Player 1: x=5.8, y=0, z=8.6, a=0.00 Order:#1: Sushi_Fish #2: Sushi_Fish "
"Player 0: x=10.76, y=0, z=8.6, a=0.00 Player 1: x=5.8, y=0, z=8.6, a=0.00 Order:#1: Sushi_Fish #2: Sushi_Fish "
"Player 0: x=10.76, y=0, z=8.6, a=0.00 Player 1: x=5.8, y=0, z=8.6, a=0.00 Order:#1: Sushi_Fish #2: Sushi_Fish "
"Player 0: x=10.76, y=0, z=8.6, a=0.00 Player 1: x=5.8, y=0, z=8.6, a=0.00 Order:#1: Sushi_Fish #2: Sushi_Fish "
"Player 0: x=10.76, y=0, z=8.6, a=0.00 Player 1: x=5.8, y=0, z=8.6, a=0.00 Order:#1: Sushi_Fish #2: Sushi_Fish "
"Player 0: x=10.76, y=0, z=8.6, a=0.00 Player 1: x=5.8, y=0, z=8.6, a=0.00 Order:#1: Sushi_Fish #2: Sushi_Fish "
"Player 0: x=10.76, y=0, z=8.6, a=0.00 Player 1: x=5.8, y=0, z=8.6, a=0.00 Order:#1: Sushi_Fish #2: Sushi_Fish "
"Player 0: x=10.76, y=0, z=8.6, a=0.00 Player 1: x=5.8, y=0, z=8.6, a=0.00 Order:#1: Sushi_Fish #2: Sushi_Fish "
"Player 0: x=10.76, y=0, z=8.6, a=0.00 Player 1: x=5.8, y=0, z=8.6, a=0.00 Order:#1: Sushi_Fish #2: Sushi_Fish "
"Player 0: x=10.76, y=0, z=8.6, a=0.00 Player 1: x=5.8, y=0, z=8.6, a=0.00 Order:#1: Sushi_Fish #2: Sushi_Fish "
"Player 0: x=10.76, y=0, z=8.6, a=0.00 Player 1: x=5.8, y=0, z=8.6, a=0.00 Order:#1: Sushi_Fish #2: Sushi_Fish "
"Player 0: x=10.76, y=0, z=8.6, a=0.00 Player 1: x=5.8, y=0, z=8.6, a=0.00 Order:#1: Sushi_Fish #2: Sushi_Fish "
"Player 0: x=10.76, y=0, z=8.6, a=0.00 Player 1: x=5.8, y=0, z=8.6, a=0.00 Order:#1: Sushi_Fish #2: Sushi_Fish "
"Player 0: x=10.76, y=0, z=8.6, a=0.00 Player 1: x=5.8, y=0, z=8.6, a=0.00 Order:#1: Sushi_Fish #2: Sushi_Fish "
"Player 0: x=10.76, y=0, z=8.6, a=0.00 Player 1: x=5.8, y=0, z=8.6, a=0.00 Order:#1: Sushi_Fish #2: Sushi_Fish "
"Player 0: x=10.76, y=0, z=8.6, a=0.00 Player 1: x=5.8, y=0, z=8.6, a=0.00 Order:#1: Sushi_Fish #2: Sushi_Fish "
"Player 0: x=10.76, y=0, z=8.6, a=0.00 Player 1: x=5.8, y=0, z=8.6, a=0.00 Order:#1: Sushi_Fish #2: Sushi_Fish "
"Player 0: x=10.76, y=0, z=8.6, a=0.00 Player 1: x=5.8, y=0, z=8.6, a=0.00 Order:#1: Sushi_Fish #2: Sushi_Fish "
"Player 0: x=10.76, y=0, z=8.6, a=0.00 Player 1: x=5.8, y=0, z=8.6, a=0.00 Order:#1: Sushi_Fish #2: Sushi_Fish "
"Player 0: x=10.76, y=0, z=8.6, a=0.00 Player 1: x=5.8, y=0, z=8.6, a=0.00 Order:#1: Sushi_Fish #2: Sushi_Fish "
"Player 0: x=10.76, y=0, z=8.6, a=0.00 Player 1: x=5.8, y=0, z=8.6, a=0.00 Order:#1: Sushi_Fish #2: Sushi_Fish "
"Player 0: x=10.76, y=0, z=8.6, a=0.00 Player 1: x=5.8, y=0, z=8.6, a=0.00 Order:#1: Sushi_Fish #2: Sushi_Fish "
"Player 0: x=10.76, y=0, z=8.6, a=0.00 Player 1: x=5.8, y=0, z=8.6, a=0.00 Order:#1: Sushi_Fish #2: Sushi_Fish "
"Player 0: x=10.76, y=0, z=8.6, a=0.00 Player 1: x=5.8, y=0, z=8.6, a=0.00 Order:#1: Sushi_Fish #2: Sushi_Fish "
"Player 0: x=10.76, y=0, z=8.6, a=0.00 Player 1: x=5.8, y=0, z=8.6, a=0.00 Order:#1: Sushi_Fish #2: Sushi_Fish "
"Player 0: x=10.76, y=0, z=8.6, a=0.00 Player 1: x=5.8, y=0, z=8.6, a=0.00 Order:#1: Sushi_Fish #2: Sushi_Fish "
"Player 0: x=10.76, y=0, z=8.6, a=0.00 Player 1: x=5.8, y=0, z=8.6, a=0.00 Order:#1: Sushi_Fish #2: Sushi_Fish "
"Player 0: x=10.76, y=0, z=8.6, a=0.00 Player 1: x=5.8, y=0, z=8.6, a=0.00 Order:#1: Sushi_Fish #2: Sushi_Fish "
"Player 0: x=10.76, y=0, z=8.6, a=0.00 Player 1: x=5.8, y=0, z=8.6, a=0.00 Order:#1: Sushi_Fish #2: Sushi_Fish "
"Player 0: x=10.76, y=0, z=8.6, a=0.00 Player 1: x=5.8, y=0, z=8.6, a=0.00 Order:#1: Sushi_Fish #2: Sushi_Fish "
"Player 0: x=10.76, y=0, z=8.6, a=0.00 Player 1: x=5.8, y=0, z=8.6, a=0.00 Order:#1: Sushi_Fish #2: Sushi_Fish "
"Player 0: x=10.76, y=0, z=8.6, a=0.00 Player 1: x=5.8, y=0, z=8.6, a=0.00 Order:#1: Sushi_Fish #2: Sushi_Fish "
"Player 0: x=10.76, y=0, z=8.6, a=0.00 Player 1: x=5.8, y=0, z=8.6, a=0.00 Order:#1: Sushi_Fish #2: Sushi_Fish "
"Player 0: x=10.76, y=0, z=8.6, a=0.00 Player 1: x=5.8, y=0, z=8.6, a=0.00 Order:#1: Sushi_Fish #2: Sushi_Fish "
"Player 0: x=10.76, y=0, z=8.6, a=0.00 Player 1: x=5.8, y=0, z=8.6, a=0.00 Order:#1: Sushi_Fish #2: Sushi_Fish "
"Player 0: x=10.76, y=0, z=8.6, a=0.00 Player 1: x=5.8, y=0, z=8.6, a=0.00 Order:#1: Sushi_Fish #2: Sushi_Fish "
"Player 0: x=10.76, y=0, z=8.6, a=0.00 Player 1: x=5.8, y=0, z=8.6, a=0.00 Order:#1: Sushi_Fish #2: Sushi_Fish "
"Player 0: x=10.76, y=0, z=8.6, a=0.00 Player 1: x=5.8, y=0, z=8.6, a=0.00 Order:#1: Sushi_Fish #2: Sushi_Fish "
"Player 0: x=10.76, y=0, z=8.6, a=0.00 Player 1: x=5.8, y=0, z=8.6, a=0.00 Order:#1: Sushi_Fish #2: Sushi_Fish "
"Player 0: x=10.76, y=0, z=8.6, a=0.00 Player 1: x=5.8, y=0, z=8.6, a=0.00 Order:#1: Sushi_Fish #2: Sushi_Fish "
"Player 0: x=10.76, y=0, z=8.6, a=0.00 Player 1: x=5.8, y=0, z=8.6, a=0.00 Order:#1: Sushi_Fish #2: Sushi_Fish "
"Player 0: x=10.76, y=0, z=8.6, a=0.00 Player 1: x=5.8, y=0, z=8.6, a=0.00 Order:#1: Sushi_Fish #2: Sushi_Fish "
"Player 0: x=10.76, y=0, z=8.6, a=0.00 Player 1: x=5.8, y=0, z=8.6, a=0.00 Order:#1: Sushi_Fish #2: Sushi_Fish "
"Player 0: x=10.76, y=0, z=8.6, a=0.00 Player 1: x=5.8, y=0, z=8.6, a=0.00 Order:#1: Sushi_Fish #2: Sushi_Fish "
"Player 0: x=10.76, y=0, z=8.6, a=0.00 Player 1: x=5.8, y=0, z=8.6, a=0.00 Order:#1: Sushi_Fish #2: Sushi_Fish "
"Player 0: x=10.76, y=0, z=8.6, a=0.00 Player 1: x=5.8, y=0, z=8.6, a=0.00 Order:#1: Sushi_Fish #2: Sushi_Fish "
"Player 0: x=10.76, y=0, z=8.6, a=0.00 Player 1: x=5.8, y=0, z=8.6, a=0.00 Order:#1: Sushi_Fish #2: Sushi_Fish "
"Player 0: x=10.76, y=0, z=8.6, a=0.00 Player 1: x=5.8, y=0, z=8.6, a=0.00 Order:#1: Sushi_Fish #2: Sushi_Fish "
"Player 0: x=10.76, y=0, z=8.6, a=0.00 Player 1: x=5.8, y=0, z=8.6, a=0.00 Order:#1: Sushi_Fish #2: Sushi_Fish "
"Player 0: x=10.76, y=0, z=8.6, a=0.00 Player 1: x=5.8, y=0, z=8.6, a=0.00 Order:#1: Sushi_Fish #2: Sushi_Fish "
"Player 0: x=10.76, y=0, z=8.6, a=0.00 Player 1: x=5.8, y=0, z=8.6, a=0.00 Order:#1: Sushi_Fish #2: Sushi_Fish "
"Player 0: x=10.76, y=0, z=8.6, a=0.00 Player 1: x=5.8, y=0, z=8.6, a=0.00 Order:#1: Sushi_Fish #2: Sushi_Fish "
"Player 0: x=10.76, y=0, z=8.6, a=0.00 Player 1: x=5.8, y=0, z=8.6, a=0.00 Order:#1: Sushi_Fish #2: Sushi_Fish "
"Player 0: x=10.76, y=0, z=8.6, a=0.00 Player 1: x=5.8, y=0, z=8.6, a=0.00 Order:#1: Sushi_Fish #2: Sushi_Fish "
"Player 0: x=10.76, y=0, z=8.6, a=0.00 Player 1: x=5.8, y=0, z=8.6, a=0.00 Order:#1: Sushi_Fish #2: Sushi_Fish "
"Player 0: x=10.76, y=0, z=8.6, a=0.00 Player 1: x=5.8, y=0, z=8.6, a=0.00 Order:#1: Sushi_Fish #2: Sushi_Fish "
"Player 0: x=10.76, y=0, z=8.6, a=0.00 Player 1: x=5.8, y=0, z=8.6, a=0.00 Order:#1: Sushi_Fish #2: Sushi_Fish "
"Player 0: x=10.76, y=0, z=8.6, a=0.00 Player 1: x=5.8, y=0, z=8.6, a=0.00 Order:#1: Sushi_Fish #2: Sushi_Fish "
"Player 0: x=10.76, y=0, z=8.6, a=0.00 Player 1: x=5.8, y=0, z=8.6, a=0.00 Order:#1: Sushi_Fish #2: Sushi_Fish "
"Player 0: x=10.76, y=0, z=8.6, a=0.00 Player 1: x=5.8, y=0, z=8.6, a=0.00 Order:#1: Sushi_Fish #2: Sushi_Fish "
"Player 0: x=10.76, y=0, z=8.6, a=0.00 Player 1: x=5.8, y=0, z=8.6, a=0.00 Order:#1: Sushi_Fish #2: Sushi_Fish "
"Player 0: x=10.76, y=0, z=8.6, a=0.00 Player 1: x=5.8, y=0, z=8.6, a=0.00 Order:#1: Sushi_Fish #2: Sushi_Fish "
"Player 0: x=10.76, y=0, z=8.6, a=0.00 Player 1: x=5.8, y=0, z=8.6, a=0.00 Order:#1: Sushi_Fish #2: Sushi_Fish "
"Player 0: x=10.76, y=0, z=8.6, a=0.00 Player 1: x=5.8, y=0, z=8.6, a=0.00 Order:#1: Sushi_Fish #2: Sushi_Fish "
"Player 0: x=10.76, y=0, z=8.6, a=0.00 Player 1: x=5.8, y=0, z=8.6, a=0.00 Order:#1: Sushi_Fish #2: Sushi_Fish "
"Player 0: x=10.76, y=0, z=8.6, a=0.00 Player 1: x=5.8, y=0, z=8.6, a=0.00 Order:#1: Sushi_Fish #2: Sushi_Fish "
"Player 0: x=10.76, y=0, z=8.6, a=0.00 Player 1: x=5.8, y=0, z=8.6, a=0.00 Order:#1: Sushi_Fish #2: Sushi_Fish "
"Player 0: x=10.76, y=0, z=8.6, a=0.00 Player 1: x=5.8, y=0, z=8.6, a=0.00 Order:#1: Sushi_Fish #2: Sushi_Fish "
"Player 0: x=10.76, y=0, z=8.6, a=0.00 Player 1: x=5.8, y=0, z=8.6, a=0.00 Order:#1: Sushi_Fish #2: Sushi_Fish "
"Player 0: x=10.76, y=0, z=8.6, a=0.00 Player 1: x=5.8, y=0, z=8.6, a=0.00 Order:#1: Sushi_Fish #2: Sushi_Fish "
"Player 0: x=10.76, y=0, z=8.6, a=0.00 Player 1: x=5.8, y=0, z=8.6, a=0.00 Order:#1: Sushi_Fish #2: Sushi_Fish "
"Player 0: x=10.76, y=0, z=8.6, a=0.00 Player 1: x=5.8, y=0, z=8.6, a=0.00 Order:#1: Sushi_Fish #2: Sushi_Fish "
"Player 0: x=10.76, y=0, z=8.6, a=0.00 Player 1: x=5.8, y=0, z=8.6, a=0.00 Order:#1: Sushi_Fish #2: Sushi_Fish "
"Player 0: x=10.76, y=0, z=8.6, a=0.00 Player 1: x=5.8, y=0, z=8.6, a=0.00 Order:#1: Sushi_Fish #2: Sushi_Fish "
"Player 0: x=10.76, y=0, z=8.6, a=0.00 Player 1: x=5.8, y=0, z=8.6, a=0.00 Order:#1: Sushi_Fish #2: Sushi_Fish "
"Player 0: x=10.76, y=0, z=8.6, a=0.00 Player 1: x=5.8, y=0, z=8.6, a=0.00 Order:#1: Sushi_Fish #2: Sushi_Fish "
"Player 0: x=10.76, y=0, z=8.6, a=0.00 Player 1: x=5.8, y=0, z=8.6, a=0.00 Order:#1: Sushi_Fish #2: Sushi_Fish "
"Player 0: x=10.76, y=0, z=8.6, a=0.00 Player 1: x=5.8, y=0, z=8.6, a=0.00 Order:#1: Sushi_Fish #2: Sushi_Fish "
"Player 0: x=10.76, y=0, z=8.6, a=0.00 Player 1: x=5.8, y=0, z=8.6, a=0.00 Order:#1: Sushi_Fish #2: Sushi_Fish "
"Player 0: x=10.76, y=0, z=8.6, a=0.00 Player 1: x=5.8, y=0, z=8.6, a=0.00 Order:#1: Sushi_Fish #2: Sushi_Fish "
"Player 0: x=10.76, y=0, z=8.6, a=0.00 Player 1: x=5.8, y=0, z=8.6, a=0.00 Order:#1: Sushi_Fish #2: Sushi_Fish "
"Player 0: x=10.76, y=0, z=8.6, a=0.00 Player 1: x=5.8, y=0, z=8.6, a=0.00 Order:#1: Sushi_Fish #2: Sushi_Fish "
"Player 0: x=10.76, y=0, z=8.6, a=0.00 Player 1: x=5.8, y=0, z=8.6, a=0.00 Order:#1: Sushi_Fish #2: Sushi_Fish "
"Player 0: x=10.76, y=0, z=8.6, a=0.00 Player 1: x=5.8, y=0, z=8.6, a=0.00 Order:#1: Sushi_Fish #2: Sushi_Fish "
"Player 0: x=10.76, y=0, z=8.6, a=0.00 Player 1: x=5.8, y=0, z=8.6, a=0.00 Order:#1: Sushi_Fish #2: Sushi_Fish "
"Player 0: x=10.76, y=0, z=8.6, a=0.00 Player 1: x=5.8, y=0, z=8.6, a=0.00 Order:#1: Sushi_Fish #2: Sushi_Fish "
"Player 0: x=10.76, y=0, z=8.6, a=0.00 Player 1: x=5.8, y=0, z=8.6, a=0.00 Order:#1: Sushi_Fish #2: Sushi_Fish "
"Player 0: x=10.76, y=0, z=8.6, a=0.00 Player 1: x=5.8, y=0, z=8.6, a=0.00 Order:#1: Sushi_Fish #2: Sushi_Fish "
"Player 0: x=10.76, y=0, z=8.6, a=0.00 Player 1: x=5.8, y=0, z=8.6, a=0.00 Order:#1: Sushi_Fish #2: Sushi_Fish "
"Player 0: x=10.76, y=0, z=8.6, a=0.00 Player 1: x=5.8, y=0, z=8.6, a=0.00 Order:#1: Sushi_Fish #2: Sushi_Fish "
"Player 0: x=10.76, y=0, z=8.6, a=0.00 Player 1: x=5.8, y=0, z=8.6, a=0.00 Order:#1: Sushi_Fish #2: Sushi_Fish "
"Player 0: x=10.76, y=0, z=8.6, a=0.00 Player 1: x=5.8, y=0, z=8.6, a=0.00 Order:#1: Sushi_Fish #2: Sushi_Fish "
"Player 0: x=10.76, y=0, z=8.6, a=0.00 Player 1: x=5.8, y=0, z=8.6, a=0.00 Order:#1: Sushi_Fish #2: Sushi_Fish "
"Player 0: x=10.76, y=0, z=8.6, a=0.00 Player 1: x=5.8, y=0, z=8.6, a=0.00 Order:#1: Sushi_Fish #2: Sushi_Fish "
"Player 0: x=10.76, y=0, z=8.6, a=0.00 Player 1: x=5.8, y=0, z=8.6, a=0.00 Order:#1: Sushi_Fish #2: Sushi_Fish "
"Player 0: x=10.76, y=0, z=8.6, a=0.00 Player 1: x=5.8, y=0, z=8.6, a=0.00 Order:#1: Sushi_Fish #2: Sushi_Fish "
"Player 0: x=10.76, y=0, z=8.6, a=0.00 Player 1: x=5.8, y=0, z=8.6, a=0.00 Order:#1: Sushi_Fish #2: Sushi_Fish "
"Player 0: x=10.76, y=0, z=8.6, a=0.00 Player 1: x=5.8, y=0, z=8.6, a=0.00 Order:#1: Sushi_Fish #2: Sushi_Fish "
"Player 0: x=10.76, y=0, z=8.6, a=0.00 Player 1: x=5.8, y=0, z=8.6, a=0.00 Order:#1: Sushi_Fish #2: Sushi_Fish "
"Player 0: x=10.76, y=0, z=8.6, a=0.00 Player 1: x=5.8, y=0, z=8.6, a=0.00 Order:#1: Sushi_Fish #2: Sushi_Fish "
"Player 0: x=10.76, y=0, z=8.6, a=0.00 Player 1: x=5.8, y=0, z=8.6, a=0.00 Order:#1: Sushi_Fish #2: Sushi_Fish "
"Player 0: x=10.76, y=0, z=8.6, a=0.00 Player 1: x=5.8, y=0, z=8.6, a=0.00 Order:#1: Sushi_Fish #2: Sushi_Fish "
"Player 0: x=10.76, y=0, z=8.6, a=0.00 Player 1: x=5.8, y=0, z=8.6, a=0.00 Order:#1: Sushi_Fish #2: Sushi_Fish "
"Player 0: x=10.76, y=0, z=8.6, a=0.00 Player 1: x=5.8, y=0, z=8.6, a=0.00 Order:#1: Sushi_Fish #2: Sushi_Fish "
"Player 0: x=10.76, y=0, z=8.6, a=0.00 Player 1: x=5.8, y=0, z=8.6, a=0.00 Order:#1: Sushi_Fish #2: Sushi_Fish "
"Player 0: x=10.76, y=0, z=8.6, a=0.00 Player 1: x=5.8, y=0, z=8.6, a=0.00 Order:#1: Sushi_Fish #2: Sushi_Fish "
"Player 0: x=11, y=0, z=8.6, a=57.30 Player 1: x=5.8, y=0, z=8.6, a=0.00 Order:#1: Sushi_Fish #2: Sushi_Fish "
"Player 0: x=11.36, y=0, z=8.6, a=90.00 Player 1: x=5.8, y=0, z=8.6, a=0.00 Order:#1: Sushi_Fish #2: Sushi_Fish "
"Player 0: x=11.72, y=0, z=8.59, a=90.00 Player 1: x=5.8, y=0, z=8.6, a=0.00 Order:#1: Sushi_Fish #2: Sushi_Fish "
"Player 0: x=12.2, y=0, z=8.59, a=90.00 Player 1: x=5.8, y=0, z=8.6, a=0.00 Order:#1: Sushi_Fish #2: Sushi_Fish "
"Player 0: x=12.56, y=0, z=8.59, a=90.00 Player 1: x=5.8, y=0, z=8.6, a=0.00 Order:#1: Sushi_Fish #2: Sushi_Fish "
"Player 0: x=13.04, y=0, z=8.59, a=90.00 Player 1: x=5.8, y=0, z=8.6, a=0.00 Order:#1: Sushi_Fish #2: Sushi_Fish "
"Player 0: x=13.4, y=0, z=8.59, a=90.00 Player 1: x=5.8, y=0, z=8.6, a=0.00 Order:#1: Sushi_Fish #2: Sushi_Fish "
"Player 0: x=13.76, y=0, z=8.59, a=90.00 Player 1: x=5.8, y=0, z=8.6, a=0.00 Order:#1: Sushi_Fish #2: Sushi_Fish "
"Player 0: x=14.13, y=0, z=8.6, a=45.00 Player 1: x=5.8, y=0, z=8.6, a=0.00 Order:#1: Sushi_Fish #2: Sushi_Fish "
"Player 0: x=14.38, y=0, z=8.6, a=45.00 Player 1: x=5.8, y=0, z=8.6, a=0.00 Order:#1: Sushi_Fish #2: Sushi_Fish "
"Player 0: x=14.47, y=0, z=8.6, a=0.00 Player 1: x=5.8, y=0, z=8.6, a=0.00 Order:#1: Sushi_Fish #2: Sushi_Fish "
"Player 0: x=14.47, y=0, z=8.6, a=0.00 Player 1: x=5.8, y=0, z=8.6, a=0.00 Order:#1: Sushi_Fish #2: Sushi_Fish "
"Player 0: x=14.47, y=0, z=8.6, a=0.00 Player 1: x=5.8, y=0, z=8.6, a=0.00 Order:#1: Sushi_Fish #2: Sushi_Fish "
"Player 0: x=14.47, y=0, z=8.6, a=0.00 Player 1: x=5.8, y=0, z=8.6, a=0.00 Order:#1: Sushi_Fish #2: Sushi_Fish "
"Player 0: x=14.47, y=0, z=8.6, a=0.00 Player 1: x=5.8, y=0, z=8.6, a=0.00 Order:#1: Sushi_Fish #2: Sushi_Fish "
"Player 0: x=14.47, y=0, z=8.6, a=0.00 Player 1: x=5.8, y=0, z=8.6, a=0.00 Order:#1: Sushi_Fish #2: Sushi_Fish "
"Player 0: x=14.47, y=0, z=8.48, a=283.61 Player 1: x=5.8, y=0, z=8.6, a=0.00 Order:#1: Sushi_Fish #2: Sushi_Fish "
"Player 0: x=14.47, y=0, z=8, a=207.21 Player 1: x=5.8, y=0, z=8.6, a=0.00 Order:#1: Sushi_Fish #2: Sushi_Fish "
"Player 0: x=14.47, y=0, z=7.64, a=180.00 Player 1: x=5.8, y=0, z=8.6, a=0.00 Order:#1: Sushi_Fish #2: Sushi_Fish "
"Player 0: x=14.47, y=0, z=7.28, a=180.00 Player 1: x=5.8, y=0, z=8.6, a=0.00 Order:#1: Sushi_Fish #2: Sushi_Fish "
"Player 0: x=14.47, y=0, z=6.8, a=180.00 Player 1: x=5.8, y=0, z=8.6, a=0.00 Order:#1: Sushi_Fish #2: Sushi_Fish "
"Player 0: x=14.47, y=0, z=6.44, a=180.00 Player 1: x=5.8, y=0, z=8.6, a=0.00 Order:#1: Sushi_Fish #2: Sushi_Fish "
"Player 0: x=14.47, y=0, z=6.08, a=180.00 Player 1: x=5.8, y=0, z=8.6, a=0.00 Order:#1: Sushi_Fish #2: Sushi_Fish "
"Player 0: x=14.47, y=0, z=5.6, a=180.00 Player 1: x=5.8, y=0, z=8.6, a=0.00 Order:#1: Sushi_Fish #2: Sushi_Fish "
"Player 0: x=14.47, y=0, z=5.24, a=180.00 Player 1: x=5.8, y=0, z=8.6, a=0.00 Order:#1: Sushi_Fish #2: Sushi_Fish "
"Player 0: x=14.47, y=0, z=4.88, a=225.00 Player 1: x=5.8, y=0, z=8.6, a=0.00 Order:#1: Sushi_Fish #2: Sushi_Fish "
"Player 0: x=14.13, y=0, z=4.54, a=225.00 Player 1: x=5.8, y=0, z=8.6, a=0.00 Order:#1: Sushi_Fish #2: Sushi_Fish "
"Player 0: x=13.88, y=0, z=4.29, a=225.00 Player 1: x=5.8, y=0, z=8.6, a=0.00 Order:#1: Sushi_Fish #2: Sushi_Fish "
"Player 0: x=13.62, y=0, z=4.03, a=205.90 Player 1: x=5.8, y=0, z=8.6, a=0.00 Order:#1: Sushi_Fish #2: Sushi_Fish "
"Player 0: x=13.54, y=0, z=3.59, a=180.00 Player 1: x=5.8, y=0, z=8.6, a=0.00 Order:#1: Sushi_Fish #2: Sushi_Fish "
"Player 0: x=13.54, y=0, z=3.23, a=180.00 Player 1: x=5.8, y=0, z=8.6, a=0.00 Order:#1: Sushi_Fish #2: Sushi_Fish "
"Player 0: x=13.54, y=0, z=2.87, a=180.00 Player 1: x=5.8, y=0, z=8.6, a=0.00 Order:#1: Sushi_Fish #2: Sushi_Fish "
"Player 0: x=13.54, y=0, z=2.39, a=180.00 Player 1: x=5.8, y=0, z=8.6, a=0.00 Order:#1: Sushi_Fish #2: Sushi_Fish "
"Player 0: x=13.54, y=0, z=2.19, a=180.00 Player 1: x=5.8, y=0, z=8.6, a=0.00 Order:#1: Sushi_Fish #2: Sushi_Fish "
"Player 0: x=13.54, y=0, z=2.2, a=180.00 Player 1: x=5.8, y=0, z=8.6, a=0.00 Order:#1: Sushi_Fish #2: Sushi_Fish "
"Player 0: x=13.54, y=0, z=2.2, a=180.00 Player 1: x=5.8, y=0, z=8.6, a=0.00 Order:#1: Sushi_Fish #2: Sushi_Fish "
"Player 0: x=13.54, y=0, z=2.2, a=180.00 Player 1: x=5.8, y=0, z=8.6, a=0.00 Order:#1: Sushi_Fish #2: Sushi_Fish "
"Player 0: x=13.54, y=0, z=2.2, a=180.00 Player 1: x=5.8, y=0, z=8.6, a=0.00 Order:#1: Sushi_Fish #2: Sushi_Fish "
"Player 0: x=13.54, y=0, z=2.56, a=256.39 Player 1: x=5.8, y=0, z=8.6, a=0.00 Order:#1: Sushi_Fish #2: Sushi_Fish "
"Player 0: x=13.54, y=0, z=2.92, a=332.79 Player 1: x=5.8, y=0, z=8.6, a=0.00 Order:#1: Sushi_Fish #2: Sushi_Fish "
"Player 0: x=13.54, y=0, z=3.28, a=0.00 Player 1: x=5.8, y=0, z=8.6, a=0.00 Order:#1: Sushi_Fish #2: Sushi_Fish "
"Player 0: x=13.71, y=0, z=3.69, a=45.00 Player 1: x=5.8, y=0, z=8.6, a=0.00 Order:#1: Sushi_Fish #2: Sushi_Fish "
"Player 0: x=13.88, y=0, z=3.86, a=45.00 Player 1: x=5.8, y=0, z=8.6, a=0.00 Order:#1: Sushi_Fish #2: Sushi_Fish "
"Player 0: x=14.22, y=0, z=4.2, a=45.00 Player 1: x=5.8, y=0, z=8.6, a=0.00 Order:#1: Sushi_Fish #2: Sushi_Fish "
"Player 0: x=14.47, y=0, z=4.45, a=45.00 Player 1: x=5.8, y=0, z=8.6, a=0.00 Order:#1: Sushi_Fish #2: Sushi_Fish "
"Player 0: x=14.72, y=0, z=4.71, a=45.00 Player 1: x=5.8, y=0, z=8.6, a=0.00 Order:#1: Sushi_Fish #2: Sushi_Fish "
"Player 0: x=15.06, y=0, z=5.05, a=45.00 Player 1: x=5.8, y=0, z=8.6, a=0.00 Order:#1: Sushi_Fish #2: Sushi_Fish "
"Player 0: x=15.32, y=0, z=5.3, a=45.00 Player 1: x=5.8, y=0, z=8.6, a=0.00 Order:#1: Sushi_Fish #2: Sushi_Fish "
"Player 0: x=15.49, y=0, z=5.59, a=0.00 Player 1: x=5.8, y=0, z=8.6, a=0.00 Order:#1: Sushi_Fish #2: Sushi_Fish "
"Player 0: x=15.49, y=0, z=6.07, a=0.00 Player 1: x=5.8, y=0, z=8.6, a=0.00 Order:#1: Sushi_Fish #2: Sushi_Fish "
"Player 0: x=15.49, y=0, z=6.43, a=0.00 Player 1: x=5.8, y=0, z=8.6, a=0.00 Order:#1: Sushi_Fish #2: Sushi_Fish "
"Player 0: x=15.49, y=0, z=6.79, a=0.00 Player 1: x=5.8, y=0, z=8.6, a=0.00 Order:#1: Sushi_Fish #2: Sushi_Fish "
"Player 0: x=15.49, y=0, z=7.27, a=0.00 Player 1: x=5.8, y=0, z=8.6, a=0.00 Order:#1: Sushi_Fish #2: Sushi_Fish "
"Player 0: x=15.49, y=0, z=7.63, a=0.00 Player 1: x=5.8, y=0, z=8.6, a=0.00 Order:#1: Sushi_Fish #2: Sushi_Fish "
"Player 0: x=15.49, y=0, z=7.99, a=0.00 Player 1: x=5.8, y=0, z=8.6, a=0.00 Order:#1: Sushi_Fish #2: Sushi_Fish "
"Player 0: x=15.49, y=0, z=8.47, a=0.00 Player 1: x=5.8, y=0, z=8.6, a=0.00 Order:#1: Sushi_Fish #2: Sushi_Fish "
"Player 0: x=15.49, y=0, z=8.6, a=0.00 Player 1: x=5.8, y=0, z=8.6, a=0.00 Order:#1: Sushi_Fish #2: Sushi_Fish "
"Player 0: x=15.49, y=0, z=8.6, a=0.00 Player 1: x=5.8, y=0, z=8.6, a=0.00 Order:#1: Sushi_Fish #2: Sushi_Fish "
"Player 0: x=15.49, y=0, z=8.6, a=0.00 Player 1: x=5.8, y=0, z=8.6, a=0.00 Order:#1: Sushi_Fish #2: Sushi_Fish "
"Player 0: x=15.49, y=0, z=8.6, a=0.00 Player 1: x=5.8, y=0, z=8.6, a=0.00 Order:#1: Sushi_Fish #2: Sushi_Fish "
"Player 0: x=15.49, y=0, z=8.6, a=0.00 Player 1: x=5.8, y=0, z=8.6, a=0.00 Order:#1: Sushi_Fish #2: Sushi_Fish "
"Player 0: x=15.37, y=0, z=8.6, a=321.80 Player 1: x=5.8, y=0, z=8.6, a=0.00 Order:#1: Sushi_Fish #2: Sushi_Fish "
"Player 0: x=15.01, y=0, z=8.58, a=270.00 Player 1: x=5.8, y=0, z=8.6, a=0.00 Order:#1: Sushi_Fish #2: Sushi_Fish "
"Player 0: x=14.65, y=0, z=8.58, a=270.00 Player 1: x=5.8, y=0, z=8.6, a=0.00 Order:#1: Sushi_Fish #2: Sushi_Fish "
"Player 0: x=14.65, y=0, z=8.6, a=327.30 Player 1: x=5.8, y=0, z=8.6, a=0.00 Order:#1: Sushi_Fish #2: Sushi_Fish "
"Player 0: x=14.65, y=0, z=8.6, a=0.00 Player 1: x=5.8, y=0, z=8.6, a=0.00 Order:#1: Sushi_Fish #2: Sushi_Fish "
"Player 0: x=14.65, y=0, z=8.6, a=0.00 Player 1: x=5.8, y=0, z=8.6, a=0.00 Order:#1: Sushi_Fish #2: Sushi_Fish "
"Player 0: x=14.65, y=0, z=8.6, a=0.00 Player 1: x=5.8, y=0, z=8.6, a=0.00 Order:#1: Sushi_Fish #2: Sushi_Fish "
"Player 0: x=14.65, y=0, z=8.6, a=0.00 Player 1: x=5.8, y=0, z=8.6, a=0.00 Order:#1: Sushi_Fish #2: Sushi_Fish "
"Player 0: x=14.65, y=0, z=8.6, a=321.80 Player 1: x=5.8, y=0, z=8.6, a=0.00 Order:#1: Sushi_Fish #2: Sushi_Fish "
"Player 0: x=14.17, y=0, z=8.6, a=270.00 Player 1: x=5.8, y=0, z=8.6, a=0.00 Order:#1: Sushi_Fish #2: Sushi_Fish "
"Player 0: x=13.81, y=0, z=8.6, a=270.00 Player 1: x=5.8, y=0, z=8.6, a=0.00 Order:#1: Sushi_Fish #2: Sushi_Fish "
"Player 0: x=13.45, y=0, z=8.6, a=289.10 Player 1: x=5.8, y=0, z=8.6, a=0.00 Order:#1: Sushi_Fish #2: Sushi_Fish "
"Player 0: x=13.08, y=0, z=8.6, a=353.20 Player 1: x=5.8, y=0, z=8.6, a=0.00 Order:#1: Sushi_Fish #2: Sushi_Fish "
"Player 0: x=13.08, y=0, z=8.6, a=0.00 Player 1: x=5.8, y=0, z=8.6, a=0.00 Order:#1: Sushi_Fish #2: Sushi_Fish "
"Player 0: x=13.08, y=0, z=8.6, a=0.00 Player 1: x=5.8, y=0, z=8.6, a=0.00 Order:#1: Sushi_Fish #2: Sushi_Fish "
"Player 0: x=13.08, y=0, z=8.6, a=0.00 Player 1: x=5.8, y=0, z=8.6, a=0.00 Order:#1: Sushi_Fish #2: Sushi_Fish "
"Player 0: x=13.08, y=0, z=8.6, a=340.90 Player 1: x=5.8, y=0, z=8.6, a=0.00 Order:#1: Sushi_Fish #2: Sushi_Fish "
"Player 0: x=13.08, y=0, z=8.24, a=264.51 Player 1: x=5.8, y=0, z=8.6, a=0.00 Order:#1: Sushi_Fish #2: Sushi_Fish "
"Player 0: x=13.08, y=0, z=7.76, a=188.11 Player 1: x=5.8, y=0, z=8.6, a=0.00 Order:#1: Sushi_Fish #2: Sushi_Fish "
"Player 0: x=13.08, y=0, z=7.4, a=180.00 Player 1: x=5.8, y=0, z=8.6, a=0.00 Order:#1: Sushi_Fish #2: Sushi_Fish "
"Player 0: x=13.08, y=0, z=7.04, a=180.00 Player 1: x=5.8, y=0, z=8.6, a=0.00 Order:#1: Sushi_Fish #2: Sushi_Fish "
"Player 0: x=13.08, y=0, z=7, a=180.00 Player 1: x=5.8, y=0, z=8.6, a=0.00 Order:#1: Sushi_Fish #2: Sushi_Fish "
"Player 0: x=13.08, y=0, z=7, a=180.00 Player 1: x=5.8, y=0, z=8.6, a=0.00 Order:#1: Sushi_Fish #2: Sushi_Fish "
"Player 0: x=13.08, y=0, z=7.12, a=237.30 Player 1: x=5.8, y=0, z=8.6, a=0.00 Order:#1: Sushi_Fish #2: Sushi_Fish "
"Player 0: x=13.08, y=0, z=7.6, a=313.69 Player 1: x=5.8, y=0, z=8.6, a=0.00 Order:#1: Sushi_Fish #2: Sushi_Fish "
"Player 0: x=13.08, y=0, z=7.96, a=0.00 Player 1: x=5.8, y=0, z=8.6, a=0.00 Order:#1: Sushi_Fish #2: Sushi_Fish "
"Player 0: x=13.08, y=0, z=8.32, a=0.00 Player 1: x=5.8, y=0, z=8.6, a=0.00 Order:#1: Sushi_Fish #2: Sushi_Fish "
"Player 0: x=13.08, y=0, z=8.62, a=0.00 Player 1: x=5.8, y=0, z=8.6, a=0.00 Order:#1: Sushi_Fish #2: Sushi_Fish "
"Player 0: x=13.08, y=0, z=8.6, a=0.00 Player 1: x=5.8, y=0, z=8.6, a=0.00 Order:#1: Sushi_Fish #2: Sushi_Fish "
"Player 0: x=13.08, y=0, z=8.6, a=0.00 Player 1: x=5.8, y=0, z=8.6, a=0.00 Order:#1: Sushi_Fish #2: Sushi_Fish "
"Player 0: x=12.96, y=0, z=8.6, a=302.70 Player 1: x=5.8, y=0, z=8.6, a=0.00 Order:#1: Sushi_Fish #2: Sushi_Fish "
"Player 0: x=12.61, y=0, z=8.58, a=270.00 Player 1: x=5.8, y=0, z=8.6, a=0.00 Order:#1: Sushi_Fish #2: Sushi_Fish "
"Player 0: x=12.13, y=0, z=8.58, a=270.00 Player 1: x=5.8, y=0, z=8.6, a=0.00 Order:#1: Sushi_Fish #2: Sushi_Fish "
"Player 0: x=11.77, y=0, z=8.58, a=270.00 Player 1: x=5.8, y=0, z=8.6, a=0.00 Order:#1: Sushi_Fish #2: Sushi_Fish "
"Player 0: x=11.41, y=0, z=8.58, a=270.00 Player 1: x=5.8, y=0, z=8.6, a=0.00 Order:#1: Sushi_Fish #2: Sushi_Fish "
"Player 0: x=10.93, y=0, z=8.58, a=270.00 Player 1: x=5.8, y=0, z=8.6, a=0.00 Order:#1: Sushi_Fish #2: Sushi_Fish "
"Player 0: x=10.6, y=0, z=8.5, a=212.70 Player 1: x=5.8, y=0, z=8.6, a=0.00 Order:#1: Sushi_Fish #2: Sushi_Fish "
"Player 0: x=10.52, y=0, z=8.05, a=180.00 Player 1: x=5.8, y=0, z=8.6, a=0.00 Order:#1: Sushi_Fish #2: Sushi_Fish "
"Player 0: x=10.52, y=0, z=7.69, a=180.00 Player 1: x=5.8, y=0, z=8.6, a=0.00 Order:#1: Sushi_Fish #2: Sushi_Fish "
"Player 0: x=10.52, y=0, z=7.33, a=180.00 Player 1: x=5.8, y=0, z=8.6, a=0.00 Order:#1: Sushi_Fish #2: Sushi_Fish "
"Player 0: x=10.52, y=0, z=6.99, a=180.00 Player 1: x=5.8, y=0, z=8.6, a=0.00 Order:#1: Sushi_Fish #2: Sushi_Fish "
"Player 0: x=10.52, y=0, z=7, a=180.00 Player 1: x=5.8, y=0, z=8.6, a=0.00 Order:#1: Sushi_Fish #2: Sushi_Fish "
"Player 0: x=10.52, y=0, z=7, a=180.00 Player 1: x=5.8, y=0, z=8.6, a=0.00 Order:#1: Sushi_Fish #2: Sushi_Fish "
"Player 0: x=10.35, y=0, z=7, a=225.00 Player 1: x=5.8, y=0, z=8.6, a=0.00 Order:#1: Sushi_Fish #2: Sushi_Fish "
"Player 0: x=10.02, y=0, z=7, a=270.00 Player 1: x=5.8, y=0, z=8.6, a=0.00 Order:#1: Sushi_Fish #2: Sushi_Fish "
"Player 0: x=9.66, y=0, z=7, a=270.00 Player 1: x=5.8, y=0, z=8.6, a=0.00 Order:#1: Sushi_Fish #2: Sushi_Fish "
"Player 0: x=9.3, y=0, z=7, a=231.80 Player 1: x=5.8, y=0, z=8.6, a=0.00 Order:#1: Sushi_Fish #2: Sushi_Fish "
"Player 0: x=8.96, y=0, z=6.66, a=186.80 Player 1: x=5.8, y=0, z=8.6, a=0.00 Order:#1: Sushi_Fish #2: Sushi_Fish "
"Player 0: x=8.96, y=0, z=6.3, a=180.00 Player 1: x=5.8, y=0, z=8.6, a=0.00 Order:#1: Sushi_Fish #2: Sushi_Fish "
"Player 0: x=8.96, y=0, z=5.94, a=180.00 Player 1: x=5.8, y=0, z=8.6, a=0.00 Order:#1: Sushi_Fish #2: Sushi_Fish "
"Player 0: x=9.13, y=0, z=5.53, a=135.00 Player 1: x=5.8, y=0, z=8.6, a=0.00 Order:#1: Sushi_Fish #2: Sushi_Fish "
"Player 0: x=9.46, y=0, z=5.45, a=90.00 Player 1: x=5.8, y=0, z=8.6, a=0.00 Order:#1: Sushi_Fish #2: Sushi_Fish "
"Player 0: x=9.8, y=0, z=5.45, a=90.00 Player 1: x=5.8, y=0, z=8.6, a=0.00 Order:#1: Sushi_Fish #2: Sushi_Fish "
"Player 0: x=9.8, y=0, z=5.45, a=90.00 Player 1: x=5.8, y=0, z=8.6, a=0.00 Order:#1: Sushi_Fish #2: Sushi_Fish "
"Player 0: x=9.8, y=0, z=5.45, a=90.00 Player 1: x=5.8, y=0, z=8.6, a=0.00 Order:#1: Sushi_Fish #2: Sushi_Fish "
"Player 0: x=9.8, y=0, z=5.45, a=90.00 Player 1: x=5.8, y=0, z=8.6, a=0.00 Order:#1: Sushi_Fish #2: Sushi_Fish "
"Player 0: x=9.8, y=0, z=5.45, a=90.00 Player 1: x=5.8, y=0, z=8.6, a=0.00 Order:#1: Sushi_Fish #2: Sushi_Fish "
"Player 0: x=9.8, y=0, z=5.45, a=109.10 Player 1: x=5.8, y=0, z=8.6, a=0.00 Order:#1: Sushi_Fish #2: Sushi_Fish "
"Player 0: x=9.81, y=0, z=5.27, a=135.00 Player 1: x=5.8, y=0, z=8.6, a=0.00 Order:#1: Sushi_Fish #2: Sushi_Fish "
"Player 0: x=10.1, y=0, z=4.91, a=135.00 Player 1: x=5.8, y=0, z=8.6, a=0.00 Order:#1: Sushi_Fish #2: Sushi_Fish "
"Player 0: x=10.35, y=0, z=4.65, a=135.00 Player 1: x=5.8, y=0, z=8.6, a=0.00 Order:#1: Sushi_Fish #2: Sushi_Fish "
"Player 0: x=10.61, y=0, z=4.4, a=115.90 Player 1: x=5.8, y=0, z=8.6, a=0.00 Order:#1: Sushi_Fish #2: Sushi_Fish "
"Player 0: x=11.05, y=0, z=4.32, a=90.00 Player 1: x=5.8, y=0, z=8.6, a=0.00 Order:#1: Sushi_Fish #2: Sushi_Fish "
"Player 0: x=11.41, y=0, z=4.32, a=90.00 Player 1: x=5.8, y=0, z=8.6, a=0.00 Order:#1: Sushi_Fish #2: Sushi_Fish "
"Player 0: x=11.77, y=0, z=4.32, a=90.00 Player 1: x=5.8, y=0, z=8.6, a=0.00 Order:#1: Sushi_Fish #2: Sushi_Fish "
"Player 0: x=12.25, y=0, z=4.32, a=90.00 Player 1: x=5.8, y=0, z=8.6, a=0.00 Order:#1: Sushi_Fish #2: Sushi_Fish "
"Player 0: x=12.61, y=0, z=4.32, a=90.00 Player 1: x=5.8, y=0, z=8.6, a=0.00 Order:#1: Sushi_Fish #2: Sushi_Fish "
"Player 0: x=12.97, y=0, z=4.32, a=90.00 Player 1: x=5.8, y=0, z=8.6, a=0.00 Order:#1: Sushi_Fish #2: Sushi_Fish "
"Player 0: x=13.45, y=0, z=4.32, a=90.00 Player 1: x=5.8, y=0, z=8.6, a=0.00 Order:#1: Sushi_Fish #2: Sushi_Fish "
"Player 0: x=13.75, y=0, z=4.41, a=135.00 Player 1: x=5.8, y=0, z=8.6, a=0.00 Order:#1: Sushi_Fish #2: Sushi_Fish "
"Player 0: x=13.64, y=0, z=4.6, a=135.00 Player 1: x=5.8, y=0, z=8.6, a=0.00 Order:#1: Sushi_Fish #2: Sushi_Fish "
"Player 0: x=13.75, y=0, z=4.71, a=135.00 Player 1: x=5.8, y=0, z=8.6, a=0.00 Order:#1: Sushi_Fish #2: Sushi_Fish "
"Player 0: x=14.02, y=0, z=4.6, a=135.00 Player 1: x=5.8, y=0, z=8.6, a=0.00 Order:#1: Sushi_Fish #2: Sushi_Fish "
"Player 0: x=14.13, y=0, z=4.78, a=180.00 Player 1: x=5.8, y=0, z=8.6, a=0.00 Order:#1: Sushi_Fish #2: Sushi_Fish "
"Player 0: x=14.13, y=0, z=4.8, a=180.00 Player 1: x=5.8, y=0, z=8.6, a=0.00 Order:#1: Sushi_Fish #2: Sushi_Fish "
"Player 0: x=14.15, y=0, z=4.79, a=180.00 Player 1: x=5.8, y=0, z=8.6, a=0.00 Order:#1: Sushi_Fish #2: Sushi_Fish "
"Player 0: x=14.2, y=0, z=4.65, a=180.00 Player 1: x=5.8, y=0, z=8.6, a=0.00 Order:#1: Sushi_Fish #2: Sushi_Fish "
"Player 0: x=14.36, y=0, z=4.34, a=180.00 Player 1: x=5.8, y=0, z=8.6, a=0.00 Order:#1: Sushi_Fish #2: Sushi_Fish "
"Player 0: x=14.36, y=0, z=3.98, a=180.00 Player 1: x=5.8, y=0, z=8.6, a=0.00 Order:#1: Sushi_Fish #2: Sushi_Fish "
"Player 0: x=14.36, y=0, z=3.62, a=180.00 Player 1: x=5.8, y=0, z=8.6, a=0.00 Order:#1: Sushi_Fish #2: Sushi_Fish "
"Player 0: x=14.36, y=0, z=3.14, a=180.00 Player 1: x=5.8, y=0, z=8.6, a=0.00 Order:#1: Sushi_Fish #2: Sushi_Fish "
"Player 0: x=14.36, y=0, z=2.78, a=180.00 Player 1: x=5.8, y=0, z=8.6, a=0.00 Order:#1: Sushi_Fish #2: Sushi_Fish "
"Player 0: x=14.36, y=0, z=2.42, a=180.00 Player 1: x=5.8, y=0, z=8.6, a=0.00 Order:#1: Sushi_Fish #2: Sushi_Fish "
"Player 0: x=14.36, y=0, z=2.2, a=180.00 Player 1: x=5.8, y=0, z=8.6, a=0.00 Order:#1: Sushi_Fish #2: Sushi_Fish "
"Player 0: x=14.36, y=0, z=2.2, a=180.00 Player 1: x=5.8, y=0, z=8.6, a=0.00 Order:#1: Sushi_Fish #2: Sushi_Fish "
"Player 0: x=14.36, y=0, z=2.2, a=180.00 Player 1: x=5.8, y=0, z=8.6, a=0.00 Order:#1: Sushi_Fish #2: Sushi_Fish "
"Player 0: x=14.36, y=0, z=2.2, a=180.00 Player 1: x=5.8, y=0, z=8.6, a=0.00 Order:#1: Sushi_Fish #2: Sushi_Fish "
"Player 0: x=14.36, y=0, z=2.2, a=180.00 Player 1: x=5.8, y=0, z=8.6, a=0.00 Order:#1: Sushi_Fish #2: Sushi_Fish "
"Player 0: x=14.24, y=0, z=2.2, a=256.39 Player 1: x=5.8, y=0, z=8.6, a=0.00 Order:#1: Sushi_Fish #2: Sushi_Fish "
"Player 0: x=13.76, y=0, z=2.22, a=270.00 Player 1: x=5.8, y=0, z=8.6, a=0.00 Order:#1: Sushi_Fish #2: Sushi_Fish "
"Player 0: x=13.4, y=0, z=2.22, a=270.00 Player 1: x=5.8, y=0, z=8.6, a=0.00 Order:#1: Sushi_Fish #2: Sushi_Fish "
"Player 0: x=13.04, y=0, z=2.22, a=270.00 Player 1: x=5.8, y=0, z=8.6, a=0.00 Order:#1: Sushi_Fish #2: Sushi_Fish "
"Player 0: x=12.68, y=0, z=2.22, a=270.00 Player 1: x=5.8, y=0, z=8.6, a=0.00 Order:#1: Sushi_Fish #2: Sushi_Fish "
"Player 0: x=12.68, y=0, z=2.22, a=270.00 Player 1: x=5.8, y=0, z=8.6, a=0.00 Order:#1: Sushi_Fish #2: Sushi_Fish "
"Player 0: x=12.68, y=0, z=2.22, a=270.00 Player 1: x=5.8, y=0, z=8.6, a=0.00 Order:#1: Sushi_Fish #2: Sushi_Fish "
"Player 0: x=12.68, y=0, z=2.22, a=289.10 Player 1: x=5.8, y=0, z=8.6, a=0.00 Order:#1: Sushi_Fish #2: Sushi_Fish "
"Player 0: x=12.68, y=0, z=2.46, a=0.00 Player 1: x=5.8, y=0, z=8.6, a=0.00 Order:#1: Sushi_Fish #2: Sushi_Fish "
"Player 0: x=12.68, y=0, z=2.82, a=0.00 Player 1: x=5.8, y=0, z=8.6, a=0.00 Order:#1: Sushi_Fish #2: Sushi_Fish "
"Player 0: x=12.68, y=0, z=3.3, a=0.00 Player 1: x=5.8, y=0, z=8.6, a=0.00 Order:#1: Sushi_Fish #2: Sushi_Fish "
"Player 0: x=12.68, y=0, z=3.66, a=0.00 Player 1: x=5.8, y=0, z=8.6, a=0.00 Order:#1: Sushi_Fish #2: Sushi_Fish "
"Player 0: x=12.68, y=0, z=4.02, a=0.00 Player 1: x=5.8, y=0, z=8.6, a=0.00 Order:#1: Sushi_Fish #2: Sushi_Fish "
"Player 0: x=12.68, y=0, z=4.5, a=0.00 Player 1: x=5.8, y=0, z=8.6, a=0.00 Order:#1: Sushi_Fish #2: Sushi_Fish "
"Player 0: x=12.77, y=0, z=4.82, a=38.20 Player 1: x=5.8, y=0, z=8.6, a=0.00 Order:#1: Sushi_Fish #2: Sushi_Fish "
"Player 0: x=13.02, y=0, z=5, a=45.00 Player 1: x=5.8, y=0, z=8.6, a=0.00 Order:#1: Sushi_Fish #2: Sushi_Fish "
"Player 0: x=13.28, y=0, z=5, a=6.80 Player 1: x=5.8, y=0, z=8.6, a=0.00 Order:#1: Sushi_Fish #2: Sushi_Fish "
"Player 0: x=13.28, y=0, z=5, a=340.90 Player 1: x=5.8, y=0, z=8.6, a=0.00 Order:#1: Sushi_Fish #2: Sushi_Fish "
"Player 0: x=13.02, y=0, z=5, a=315.00 Player 1: x=5.8, y=0, z=8.6, a=0.00 Order:#1: Sushi_Fish #2: Sushi_Fish "
"Player 0: x=12.77, y=0, z=5, a=315.00 Player 1: x=5.8, y=0, z=8.6, a=0.00 Order:#1: Sushi_Fish #2: Sushi_Fish "
"Player 0: x=12.54, y=0, z=5, a=353.20 Player 1: x=5.8, y=0, z=8.6, a=0.00 Order:#1: Sushi_Fish #2: Sushi_Fish "
"Player 0: x=12.54, y=0, z=5, a=0.00 Player 1: x=5.8, y=0, z=8.6, a=0.00 Order:#1: Sushi_Fish #2: Sushi_Fish "
"Player 0: x=12.54, y=0, z=5, a=0.00 Player 1: x=5.8, y=0, z=8.6, a=0.00 Order:#1: Sushi_Fish #2: Sushi_Fish "
"Player 0: x=12.7, y=0, z=5, a=45.00 Player 1: x=5.8, y=0, z=8.6, a=0.00 Order:#1: Sushi_Fish #2: Sushi_Fish "
"Player 0: x=12.96, y=0, z=5, a=45.00 Player 1: x=5.8, y=0, z=8.6, a=0.00 Order:#1: Sushi_Fish #2: Sushi_Fish "
"Player 0: x=13.21, y=0, z=5, a=45.00 Player 1: x=5.8, y=0, z=8.6, a=0.00 Order:#1: Sushi_Fish #2: Sushi_Fish "
"Player 0: x=13.46, y=0, z=5, a=45.00 Player 1: x=5.8, y=0, z=8.6, a=0.00 Order:#1: Sushi_Fish #2: Sushi_Fish "
"Player 0: x=13.8, y=0, z=5, a=45.00 Player 1: x=5.8, y=0, z=8.6, a=0.00 Order:#1: Sushi_Fish #2: Sushi_Fish "
"Player 0: x=14.08, y=0, z=5.09, a=45.00 Player 1: x=5.8, y=0, z=8.6, a=0.00 Order:#1: Sushi_Fish #2: Sushi_Fish "
"Player 0: x=14.34, y=0, z=5.35, a=45.00 Player 1: x=5.8, y=0, z=8.6, a=0.00 Order:#1: Sushi_Fish #2: Sushi_Fish "
"Player 0: x=14.51, y=0, z=5.76, a=0.00 Player 1: x=5.8, y=0, z=8.6, a=0.00 Order:#1: Sushi_Fish #2: Sushi_Fish "
"Player 0: x=14.51, y=0, z=6.12, a=340.90 Player 1: x=5.8, y=0, z=8.6, a=0.00 Order:#1: Sushi_Fish #2: Sushi_Fish "
"Player 0: x=14.34, y=0, z=6.41, a=315.00 Player 1: x=5.8, y=0, z=8.6, a=0.00 Order:#1: Sushi_Fish #2: Sushi_Fish "
"Player 0: x=14.18, y=0, z=6.76, a=315.00 Player 1: x=5.8, y=0, z=8.6, a=0.00 Order:#1: Sushi_Fish #2: Sushi_Fish "
"Player 0: x=13.96, y=0, z=7.03, a=315.00 Player 1: x=5.8, y=0, z=8.6, a=0.00 Order:#1: Sushi_Fish #2: Sushi_Fish "
"Player 0: x=13.71, y=0, z=7.28, a=315.00 Player 1: x=5.8, y=0, z=8.6, a=0.00 Order:#1: Sushi_Fish #2: Sushi_Fish "
"Player 0: x=13.37, y=0, z=7.62, a=315.00 Player 1: x=5.8, y=0, z=8.6, a=0.00 Order:#1: Sushi_Fish #2: Sushi_Fish "
"Player 0: x=13.11, y=0, z=7.87, a=315.00 Player 1: x=5.8, y=0, z=8.6, a=0.00 Order:#1: Sushi_Fish #2: Sushi_Fish "
"Player 0: x=12.86, y=0, z=8.13, a=315.00 Player 1: x=5.8, y=0, z=8.6, a=0.00 Order:#1: Sushi_Fish #2: Sushi_Fish "
"Player 0: x=12.52, y=0, z=8.47, a=315.00 Player 1: x=5.8, y=0, z=8.6, a=0.00 Order:#1: Sushi_Fish #2: Sushi_Fish "
"Player 0: x=12.26, y=0, z=8.61, a=315.00 Player 1: x=5.8, y=0, z=8.6, a=0.00 Order:#1: Sushi_Fish #2: Sushi_Fish "
"Player 0: x=12.01, y=0, z=8.6, a=315.00 Player 1: x=5.8, y=0, z=8.6, a=0.00 Order:#1: Sushi_Fish #2: Sushi_Fish "
"Player 0: x=11.67, y=0, z=8.6, a=315.00 Player 1: x=5.8, y=0, z=8.6, a=0.00 Order:#1: Sushi_Fish #2: Sushi_Fish "
"Player 0: x=11.44, y=0, z=8.59, a=315.00 Player 1: x=5.8, y=0, z=8.6, a=0.00 Order:#1: Sushi_Fish #2: Sushi_Fish "
"Player 0: x=11.19, y=0, z=8.6, a=315.00 Player 1: x=5.8, y=0, z=8.6, a=0.00 Order:#1: Sushi_Fish #2: Sushi_Fish "
"Player 0: x=10.85, y=0, z=8.6, a=334.10 Player 1: x=5.8, y=0, z=8.6, a=0.00 Order:#1: Sushi_Fish #2: Sushi_Fish "
"Player 0: x=10.85, y=0, z=8.6, a=0.00 Player 1: x=5.8, y=0, z=8.6, a=0.00 Order:#1: Sushi_Fish #2: Sushi_Fish "
"Player 0: x=10.85, y=0, z=8.6, a=0.00 Player 1: x=5.8, y=0, z=8.6, a=0.00 Order:#1: Sushi_Fish #2: Sushi_Fish "
"Player 0: x=10.85, y=0, z=8.6, a=0.00 Player 1: x=5.8, y=0, z=8.6, a=0.00 Order:#1: Sushi_Fish #2: Sushi_Fish "
"Player 0: x=10.85, y=0, z=8.6, a=0.00 Player 1: x=5.8, y=0, z=8.6, a=0.00 Order:#1: Sushi_Fish #2: Sushi_Fish "
"Player 0: x=10.85, y=0, z=8.6, a=0.00 Player 1: x=5.8, y=0, z=8.6, a=0.00 Order:#1: Sushi_Fish #2: Sushi_Fish "
"Player 0: x=10.85, y=0, z=8.6, a=0.00 Player 1: x=5.8, y=0, z=8.6, a=0.00 Order:#1: Sushi_Fish #2: Sushi_Fish "
"Player 0: x=10.85, y=0, z=8.6, a=0.00 Player 1: x=5.8, y=0, z=8.6, a=0.00 Order:#1: Sushi_Fish #2: Sushi_Fish "
"Player 0: x=10.85, y=0, z=8.6, a=0.00 Player 1: x=5.8, y=0, z=8.6, a=0.00 Order:#1: Sushi_Fish #2: Sushi_Fish "
"Player 0: x=10.85, y=0, z=8.6, a=0.00 Player 1: x=5.8, y=0, z=8.6, a=0.00 Order:#1: Sushi_Fish #2: Sushi_Fish "
"Player 0: x=10.85, y=0, z=8.6, a=0.00 Player 1: x=5.8, y=0, z=8.6, a=0.00 Order:#1: Sushi_Fish #2: Sushi_Fish "
"Player 0: x=10.85, y=0, z=8.6, a=0.00 Player 1: x=5.8, y=0, z=8.6, a=0.00 Order:#1: Sushi_Fish #2: Sushi_Fish "
"Player 0: x=10.85, y=0, z=8.6, a=0.00 Player 1: x=5.8, y=0, z=8.6, a=0.00 Order:#1: Sushi_Fish #2: Sushi_Fish "
"Player 0: x=10.85, y=0, z=8.6, a=0.00 Player 1: x=5.8, y=0, z=8.6, a=0.00 Order:#1: Sushi_Fish #2: Sushi_Fish "
"Player 0: x=10.85, y=0, z=8.6, a=0.00 Player 1: x=5.8, y=0, z=8.6, a=0.00 Order:#1: Sushi_Fish #2: Sushi_Fish "
"Player 0: x=10.85, y=0, z=8.6, a=0.00 Player 1: x=5.8, y=0, z=8.6, a=0.00 Order:#1: Sushi_Fish #2: Sushi_Fish "
"Player 0: x=10.85, y=0, z=8.6, a=0.00 Player 1: x=5.8, y=0, z=8.6, a=0.00 Order:#1: Sushi_Fish #2: Sushi_Fish "
"Player 0: x=10.85, y=0, z=8.6, a=0.00 Player 1: x=5.8, y=0, z=8.6, a=0.00 Order:#1: Sushi_Fish #2: Sushi_Fish "
"Player 0: x=10.85, y=0, z=8.6, a=0.00 Player 1: x=5.8, y=0, z=8.6, a=0.00 Order:#1: Sushi_Fish #2: Sushi_Fish "
"Player 0: x=10.85, y=0, z=8.6, a=0.00 Player 1: x=5.8, y=0, z=8.6, a=0.00 Order:#1: Sushi_Fish #2: Sushi_Fish "
"Player 0: x=10.85, y=0, z=8.6, a=0.00 Player 1: x=5.8, y=0, z=8.6, a=0.00 Order:#1: Sushi_Fish #2: Sushi_Fish "
"Player 0: x=10.85, y=0, z=8.6, a=0.00 Player 1: x=5.8, y=0, z=8.6, a=0.00 Order:#1: Sushi_Fish #2: Sushi_Fish "
"Player 0: x=10.85, y=0, z=8.6, a=0.00 Player 1: x=5.8, y=0, z=8.6, a=0.00 Order:#1: Sushi_Fish #2: Sushi_Fish "
"Player 0: x=10.85, y=0, z=8.6, a=0.00 Player 1: x=5.8, y=0, z=8.6, a=0.00 Order:#1: Sushi_Fish #2: Sushi_Fish "
"Player 0: x=10.85, y=0, z=8.6, a=0.00 Player 1: x=5.8, y=0, z=8.6, a=0.00 Order:#1: Sushi_Fish #2: Sushi_Fish "
"Player 0: x=10.85, y=0, z=8.6, a=0.00 Player 1: x=5.8, y=0, z=8.6, a=0.00 Order:#1: Sushi_Fish #2: Sushi_Fish "
"Player 0: x=10.85, y=0, z=8.6, a=0.00 Player 1: x=5.8, y=0, z=8.6, a=0.00 Order:#1: Sushi_Fish #2: Sushi_Fish "
"Player 0: x=10.85, y=0, z=8.6, a=0.00 Player 1: x=5.8, y=0, z=8.6, a=0.00 Order:#1: Sushi_Fish #2: Sushi_Fish "
"Player 0: x=10.85, y=0, z=8.6, a=0.00 Player 1: x=5.8, y=0, z=8.6, a=0.00 Order:#1: Sushi_Fish #2: Sushi_Fish "
"Player 0: x=10.85, y=0, z=8.6, a=0.00 Player 1: x=5.8, y=0, z=8.6, a=0.00 Order:#1: Sushi_Fish #2: Sushi_Fish "
"Player 0: x=10.85, y=0, z=8.6, a=0.00 Player 1: x=5.8, y=0, z=8.6, a=0.00 Order:#1: Sushi_Fish #2: Sushi_Fish "
"Player 0: x=10.85, y=0, z=8.6, a=0.00 Player 1: x=5.8, y=0, z=8.6, a=0.00 Order:#1: Sushi_Fish #2: Sushi_Fish "
"Player 0: x=10.85, y=0, z=8.6, a=0.00 Player 1: x=5.8, y=0, z=8.6, a=0.00 Order:#1: Sushi_Fish #2: Sushi_Fish "
"Player 0: x=10.85, y=0, z=8.6, a=0.00 Player 1: x=5.8, y=0, z=8.6, a=0.00 Order:#1: Sushi_Fish #2: Sushi_Fish "
"Player 0: x=10.85, y=0, z=8.6, a=0.00 Player 1: x=5.8, y=0, z=8.6, a=0.00 Order:#1: Sushi_Fish #2: Sushi_Fish "
"Player 0: x=10.85, y=0, z=8.6, a=0.00 Player 1: x=5.8, y=0, z=8.6, a=0.00 Order:#1: Sushi_Fish #2: Sushi_Fish "
"Player 0: x=10.85, y=0, z=8.6, a=0.00 Player 1: x=5.8, y=0, z=8.6, a=0.00 Order:#1: Sushi_Fish #2: Sushi_Fish "
"Player 0: x=10.85, y=0, z=8.6, a=0.00 Player 1: x=5.8, y=0, z=8.6, a=0.00 Order:#1: Sushi_Fish #2: Sushi_Fish "
"Player 0: x=10.85, y=0, z=8.6, a=0.00 Player 1: x=5.8, y=0, z=8.6, a=0.00 Order:#1: Sushi_Fish #2: Sushi_Fish "
"Player 0: x=10.85, y=0, z=8.6, a=0.00 Player 1: x=5.8, y=0, z=8.6, a=0.00 Order:#1: Sushi_Fish #2: Sushi_Fish "
"Player 0: x=10.85, y=0, z=8.6, a=0.00 Player 1: x=5.8, y=0, z=8.6, a=0.00 Order:#1: Sushi_Fish #2: Sushi_Fish "
"Player 0: x=10.85, y=0, z=8.6, a=0.00 Player 1: x=5.8, y=0, z=8.6, a=0.00 Order:#1: Sushi_Fish #2: Sushi_Fish "
"Player 0: x=10.85, y=0, z=8.6, a=0.00 Player 1: x=5.8, y=0, z=8.6, a=0.00 Order:#1: Sushi_Fish #2: Sushi_Fish "
"Player 0: x=10.85, y=0, z=8.6, a=0.00 Player 1: x=5.8, y=0, z=8.6, a=0.00 Order:#1: Sushi_Fish #2: Sushi_Fish "
"Player 0: x=10.85, y=0, z=8.6, a=0.00 Player 1: x=5.8, y=0, z=8.6, a=0.00 Order:#1: Sushi_Fish #2: Sushi_Fish "
"Player 0: x=10.85, y=0, z=8.6, a=0.00 Player 1: x=5.8, y=0, z=8.6, a=0.00 Order:#1: Sushi_Fish #2: Sushi_Fish "
"Player 0: x=10.85, y=0, z=8.6, a=0.00 Player 1: x=5.8, y=0, z=8.6, a=0.00 Order:#1: Sushi_Fish #2: Sushi_Fish "
"Player 0: x=10.85, y=0, z=8.6, a=0.00 Player 1: x=5.8, y=0, z=8.6, a=0.00 Order:#1: Sushi_Fish #2: Sushi_Fish "
"Player 0: x=10.85, y=0, z=8.6, a=0.00 Player 1: x=5.8, y=0, z=8.6, a=0.00 Order:#1: Sushi_Fish #2: Sushi_Fish "
"Player 0: x=10.85, y=0, z=8.6, a=0.00 Player 1: x=5.8, y=0, z=8.6, a=0.00 Order:#1: Sushi_Fish #2: Sushi_Fish "
"Player 0: x=10.85, y=0, z=8.6, a=0.00 Player 1: x=5.8, y=0, z=8.6, a=0.00 Order:#1: Sushi_Fish #2: Sushi_Fish "
"Player 0: x=10.85, y=0, z=8.6, a=0.00 Player 1: x=5.8, y=0, z=8.6, a=0.00 Order:#1: Sushi_Fish #2: Sushi_Fish "
"Player 0: x=10.85, y=0, z=8.6, a=0.00 Player 1: x=5.8, y=0, z=8.6, a=0.00 Order:#1: Sushi_Fish #2: Sushi_Fish "
"Player 0: x=10.85, y=0, z=8.6, a=0.00 Player 1: x=5.8, y=0, z=8.6, a=0.00 Order:#1: Sushi_Fish #2: Sushi_Fish "
"Player 0: x=10.85, y=0, z=8.6, a=0.00 Player 1: x=5.8, y=0, z=8.6, a=0.00 Order:#1: Sushi_Fish #2: Sushi_Fish "
"Player 0: x=10.85, y=0, z=8.6, a=0.00 Player 1: x=5.8, y=0, z=8.6, a=0.00 Order:#1: Sushi_Fish #2: Sushi_Fish "
"Player 0: x=10.85, y=0, z=8.6, a=0.00 Player 1: x=5.8, y=0, z=8.6, a=0.00 Order:#1: Sushi_Fish #2: Sushi_Fish "
"Player 0: x=10.85, y=0, z=8.6, a=0.00 Player 1: x=5.8, y=0, z=8.6, a=0.00 Order:#1: Sushi_Fish #2: Sushi_Fish "
"Player 0: x=10.85, y=0, z=8.6, a=0.00 Player 1: x=5.8, y=0, z=8.6, a=0.00 Order:#1: Sushi_Fish #2: Sushi_Fish "
"Player 0: x=10.85, y=0, z=8.6, a=0.00 Player 1: x=5.8, y=0, z=8.6, a=0.00 Order:#1: Sushi_Fish #2: Sushi_Fish "
"Player 0: x=10.85, y=0, z=8.6, a=0.00 Player 1: x=5.8, y=0, z=8.6, a=0.00 Order:#1: Sushi_Fish #2: Sushi_Fish "
"Player 0: x=10.85, y=0, z=8.6, a=0.00 Player 1: x=5.8, y=0, z=8.6, a=0.00 Order:#1: Sushi_Fish #2: Sushi_Fish "
"Player 0: x=10.85, y=0, z=8.6, a=0.00 Player 1: x=5.8, y=0, z=8.6, a=0.00 Order:#1: Sushi_Fish #2: Sushi_Fish "
"Player 0: x=10.85, y=0, z=8.6, a=0.00 Player 1: x=5.8, y=0, z=8.6, a=0.00 Order:#1: Sushi_Fish #2: Sushi_Fish "
"Player 0: x=10.85, y=0, z=8.6, a=0.00 Player 1: x=5.8, y=0, z=8.6, a=0.00 Order:#1: Sushi_Fish #2: Sushi_Fish "
"Player 0: x=10.85, y=0, z=8.6, a=0.00 Player 1: x=5.8, y=0, z=8.6, a=0.00 Order:#1: Sushi_Fish #2: Sushi_Fish "
"Player 0: x=10.85, y=0, z=8.6, a=0.00 Player 1: x=5.8, y=0, z=8.6, a=0.00 Order:#1: Sushi_Fish #2: Sushi_Fish "
"Player 0: x=10.85, y=0, z=8.6, a=0.00 Player 1: x=5.8, y=0, z=8.6, a=0.00 Order:#1: Sushi_Fish #2: Sushi_Fish "
"Player 0: x=10.85, y=0, z=8.6, a=0.00 Player 1: x=5.8, y=0, z=8.6, a=0.00 Order:#1: Sushi_Fish #2: Sushi_Fish "
"Player 0: x=10.85, y=0, z=8.6, a=0.00 Player 1: x=5.8, y=0, z=8.6, a=0.00 Order:#1: Sushi_Fish #2: Sushi_Fish "
"Player 0: x=10.85, y=0, z=8.6, a=0.00 Player 1: x=5.8, y=0, z=8.6, a=0.00 Order:#1: Sushi_Fish #2: Sushi_Fish "
"Player 0: x=10.85, y=0, z=8.6, a=0.00 Player 1: x=5.8, y=0, z=8.6, a=0.00 Order:#1: Sushi_Fish #2: Sushi_Fish "
"Player 0: x=10.85, y=0, z=8.6, a=0.00 Player 1: x=5.8, y=0, z=8.6, a=0.00 Order:#1: Sushi_Fish #2: Sushi_Fish "
"Player 0: x=10.85, y=0, z=8.6, a=0.00 Player 1: x=5.8, y=0, z=8.6, a=0.00 Order:#1: Sushi_Fish #2: Sushi_Fish "
"Player 0: x=10.85, y=0, z=8.6, a=0.00 Player 1: x=5.8, y=0, z=8.6, a=0.00 Order:#1: Sushi_Fish #2: Sushi_Fish "
"Player 0: x=10.85, y=0, z=8.6, a=0.00 Player 1: x=5.8, y=0, z=8.6, a=0.00 Order:#1: Sushi_Fish #2: Sushi_Fish "
"Player 0: x=10.85, y=0, z=8.6, a=0.00 Player 1: x=5.8, y=0, z=8.6, a=0.00 Order:#1: Sushi_Fish #2: Sushi_Fish "
"Player 0: x=10.85, y=0, z=8.6, a=0.00 Player 1: x=5.8, y=0, z=8.6, a=0.00 Order:#1: Sushi_Fish #2: Sushi_Fish "
"Player 0: x=10.85, y=0, z=8.6, a=0.00 Player 1: x=5.8, y=0, z=8.6, a=0.00 Order:#1: Sushi_Fish #2: Sushi_Fish "
"Player 0: x=10.85, y=0, z=8.6, a=0.00 Player 1: x=5.8, y=0, z=8.6, a=0.00 Order:#1: Sushi_Fish #2: Sushi_Fish "
"Player 0: x=10.85, y=0, z=8.6, a=0.00 Player 1: x=5.8, y=0, z=8.6, a=0.00 Order:#1: Sushi_Fish #2: Sushi_Fish "
"Player 0: x=10.85, y=0, z=8.6, a=0.00 Player 1: x=5.8, y=0, z=8.6, a=0.00 Order:#1: Sushi_Fish #2: Sushi_Fish "
"Player 0: x=10.85, y=0, z=8.6, a=0.00 Player 1: x=5.8, y=0, z=8.6, a=0.00 Order:#1: Sushi_Fish #2: Sushi_Fish "
"Player 0: x=10.85, y=0, z=8.6, a=0.00 Player 1: x=5.8, y=0, z=8.6, a=0.00 Order:#1: Sushi_Fish #2: Sushi_Fish "
"Player 0: x=10.85, y=0, z=8.6, a=0.00 Player 1: x=5.8, y=0, z=8.6, a=0.00 Order:#1: Sushi_Fish #2: Sushi_Fish "
"Player 0: x=10.85, y=0, z=8.6, a=0.00 Player 1: x=5.8, y=0, z=8.6, a=0.00 Order:#1: Sushi_Fish #2: Sushi_Fish "
"Player 0: x=10.85, y=0, z=8.6, a=0.00 Player 1: x=5.8, y=0, z=8.6, a=0.00 Order:#1: Sushi_Fish #2: Sushi_Fish "
"Player 0: x=10.85, y=0, z=8.6, a=0.00 Player 1: x=5.8, y=0, z=8.6, a=0.00 Order:#1: Sushi_Fish #2: Sushi_Fish "
"Player 0: x=10.85, y=0, z=8.6, a=0.00 Player 1: x=5.8, y=0, z=8.6, a=0.00 Order:#1: Sushi_Fish #2: Sushi_Fish "
"Player 0: x=10.85, y=0, z=8.6, a=0.00 Player 1: x=5.8, y=0, z=8.6, a=0.00 Order:#1: Sushi_Fish #2: Sushi_Fish "
"Player 0: x=10.85, y=0, z=8.6, a=0.00 Player 1: x=5.8, y=0, z=8.6, a=0.00 Order:#1: Sushi_Fish #2: Sushi_Fish "
"Player 0: x=10.85, y=0, z=8.6, a=0.00 Player 1: x=5.8, y=0, z=8.6, a=0.00 Order:#1: Sushi_Fish #2: Sushi_Fish "
"Player 0: x=10.85, y=0, z=8.6, a=0.00 Player 1: x=5.8, y=0, z=8.6, a=0.00 Order:#1: Sushi_Fish #2: Sushi_Fish "
"Player 0: x=10.85, y=0, z=8.6, a=0.00 Player 1: x=5.8, y=0, z=8.6, a=0.00 Order:#1: Sushi_Fish #2: Sushi_Fish "
"Player 0: x=10.85, y=0, z=8.6, a=0.00 Player 1: x=5.8, y=0, z=8.6, a=0.00 Order:#1: Sushi_Fish #2: Sushi_Fish "
"Player 0: x=10.85, y=0, z=8.6, a=0.00 Player 1: x=5.8, y=0, z=8.6, a=0.00 Order:#1: Sushi_Fish #2: Sushi_Fish "
"Player 0: x=10.85, y=0, z=8.6, a=0.00 Player 1: x=5.8, y=0, z=8.6, a=0.00 Order:#1: Sushi_Fish #2: Sushi_Fish "
"Player 0: x=10.85, y=0, z=8.6, a=0.00 Player 1: x=5.8, y=0, z=8.6, a=0.00 Order:#1: Sushi_Fish #2: Sushi_Fish "
"Player 0: x=10.85, y=0, z=8.6, a=0.00 Player 1: x=5.8, y=0, z=8.6, a=0.00 Order:#1: Sushi_Fish #2: Sushi_Fish "
"Player 0: x=10.85, y=0, z=8.6, a=0.00 Player 1: x=5.8, y=0, z=8.6, a=0.00 Order:#1: Sushi_Fish #2: Sushi_Fish "
"Player 0: x=10.85, y=0, z=8.6, a=0.00 Player 1: x=5.8, y=0, z=8.6, a=0.00 Order:#1: Sushi_Fish #2: Sushi_Fish "
"Player 0: x=10.85, y=0, z=8.6, a=0.00 Player 1: x=5.8, y=0, z=8.6, a=0.00 Order:#1: Sushi_Fish #2: Sushi_Fish "
"Player 0: x=10.85, y=0, z=8.6, a=0.00 Player 1: x=5.8, y=0, z=8.6, a=0.00 Order:#1: Sushi_Fish #2: Sushi_Fish "
"Player 0: x=10.85, y=0, z=8.6, a=0.00 Player 1: x=5.8, y=0, z=8.6, a=0.00 Order:#1: Sushi_Fish #2: Sushi_Fish "
"Player 0: x=10.85, y=0, z=8.6, a=0.00 Player 1: x=5.8, y=0, z=8.6, a=0.00 Order:#1: Sushi_Fish #2: Sushi_Fish "
"Player 0: x=10.85, y=0, z=8.6, a=0.00 Player 1: x=5.8, y=0, z=8.6, a=0.00 Order:#1: Sushi_Fish #2: Sushi_Fish "
"Player 0: x=10.85, y=0, z=8.6, a=0.00 Player 1: x=5.8, y=0, z=8.6, a=0.00 Order:#1: Sushi_Fish #2: Sushi_Fish "
"Player 0: x=10.85, y=0, z=8.6, a=0.00 Player 1: x=5.8, y=0, z=8.6, a=0.00 Order:#1: Sushi_Fish #2: Sushi_Fish "
"Player 0: x=10.85, y=0, z=8.6, a=0.00 Player 1: x=5.8, y=0, z=8.6, a=0.00 Order:#1: Sushi_Fish #2: Sushi_Fish "
"Player 0: x=10.85, y=0, z=8.6, a=0.00 Player 1: x=5.8, y=0, z=8.6, a=0.00 Order:#1: Sushi_Fish #2: Sushi_Fish "
"Player 0: x=10.85, y=0, z=8.6, a=0.00 Player 1: x=5.8, y=0, z=8.6, a=0.00 Order:#1: Sushi_Fish #2: Sushi_Fish "
